Season,Competition,Matchday,Date,Venue,Club,Opponent,Result,Playing_Position,Minute,At_score,Type,Goal_assist
2004-2005,LaLiga,34,05-01/05,H,FC Barcelona,Albacete Balompie,2:00,CF,90+1,2:00,Perna esquerda,Ronaldinho
2005-2006,UEFA Champions League,Group Stage,11-02/05,H,FC Barcelona,Panathinaikos Athens,5:00,RW,34,3:00,Perna esquerda,
2005-2006,LaLiga,13,11/27/05,H,FC Barcelona,Racing Santander,4:01,RW,51,2:00,Perna esquerda,Samuel Etoo
2005-2006,LaLiga,19,1/15/06,H,FC Barcelona,Athletic Bilbao,2:01,RW,50,2:01,Perna esquerda,Mark van Bommel
2005-2006,LaLiga,20,1/22/06,H,FC Barcelona,Deportivo Alaves,2:00,CF,82,2:00,Perna esquerda,Ronaldinho
2005-2006,LaLiga,21,1/29/06,A,FC Barcelona,RCD Mallorca,0:03,CF,75,0:02,Perna direita,Sylvinho
2005-2006,LaLiga,21,1/29/06,A,FC Barcelona,RCD Mallorca,0:03,CF,83,0:03,Perna esquerda,Ronaldinho
2005-2006,Copa del Rey,Quarter-Finals,02-01/06,H,FC Barcelona,Real Zaragoza,2:01,CF,42,1:00,Cabeça,Ludovic Giuly
2005-2006,LaLiga,24,2/18/06,H,FC Barcelona,Real Betis Balompie,5:01,RW,84,5:01,Perna esquerda,
2005-2006,Amistoso,Amistoso,03/01/06,A,Argentina,Croácia,2:01,RW,6,2:03,Perna Esquerda,
2005-2006,Copa do Mundo,Fase de grupos,06/16/06,A,Argentina,Sérvia e Montenegro,6:00,RW,88,6:00,Perna direita,Carlos Tevez
2006-2007,LaLiga,1,8/28/06,A,FC Barcelona,Celta de Vigo,2:03,LW,59,1:02,Perna esquerda,Andres Iniesta
2006-2007,LaLiga,2,09/09/06,H,FC Barcelona,CA Osasuna,3:00,RW,36,3:00,Perna esquerda,Samuel Etoo
2006-2007,UEFA Champions League,Group Stage,9/27/06,A,FC Barcelona,SV Werder Bremen,1:01,RW,89,1:01,Perna esquerda,Deco
2006-2007,LaLiga,6,10/15/06,H,FC Barcelona,Sevilla FC,3:01,RW,80,3:01,Perna direita,Xavi
2006-2007,LaLiga,26,03/10/07,H,FC Barcelona,Real Madrid,3:03,RW,11,1:01,Perna esquerda,Samuel Etoo
2006-2007,LaLiga,26,03/10/07,H,FC Barcelona,Real Madrid,3:03,RW,28,2:02,Perna esquerda,
2006-2007,LaLiga,26,03/10/07,H,FC Barcelona,Real Madrid,3:03,RW,90+1,3:03,Perna esquerda,Ronaldinho
2006-2007,LaLiga,27,3/17/07,A,FC Barcelona,Recreativo Huelva,0:04,RW,86,0:04,Perna esquerda,
2006-2007,LaLiga,28,3/31/07,H,FC Barcelona,Deportivo de La Coruaa,2:01,RW,45,1:00,Perna esquerda,Ronaldinho
2006-2007,Copa del Rey,Semi-Finals,4/18/07,H,FC Barcelona,Getafe CF,5:02,RW,29,2:00,Solo run,Xavi
2006-2007,Copa del Rey,Semi-Finals,4/18/07,H,FC Barcelona,Getafe CF,5:02,RW,45,3:00,Perna esquerda,Deco
2006-2007,LaLiga,35,5/20/07,A,FC Barcelona,Atletico de Madrid,0:06,RW,39,0:01,Perna esquerda,Samuel Etoo
2006-2007,LaLiga,35,5/20/07,A,FC Barcelona,Atletico de Madrid,0:06,RW,80,0:05,Perna esquerda,Giovanni van Bronckhorst
2006-2007,Amistoso,Amistoso,06/05/07,A,Argentina,Argélia,2:02,RW,54,3:04,Penalty,
2006-2007,Amistoso,Amistoso,06/05/07,A,Argentina,Argélia,2:04,CF,74,3:04,Perna esquerda,Pablo Aimar
2006-2007,LaLiga,37,06/09/07,H,FC Barcelona,RCD Espanyol Barcelona,2:02,RW,43,1:01,,Gianluca Zambrotta
2006-2007,LaLiga,37,06/09/07,H,FC Barcelona,RCD Espanyol Barcelona,2:02,RW,57,2:01,Perna direita,Deco
2006-2007,LaLiga,38,6/17/07,A,FC Barcelona,Gimnastic de Tarragona,1:05,RW,34,0:02,Perna esquerda,Deco
2006-2007,LaLiga,38,6/17/07,A,FC Barcelona,Gimnastic de Tarragona,1:05,RW,51,0:04,Perna esquerda,Deco
2006-2007,Copa América,Quartas de Final,07/08/07,A,Argentina,Peru,0:04,RW,61,0:02,Perna esquerda,Juan Roman Riquelme
2006-2007,Copa América,Semi-Finals,07/11/07,A,Argentina,México,0:03,RW,61,0:02,Perna esquerda,Carlos Tevez
2007-2008,UEFA Champions League,Group Stage,9/19/07,H,FC Barcelona,Olympique Lyon,3:00,RW,82,2:00,Perna esquerda,Andres Iniesta
2007-2008,LaLiga,4,9/22/07,H,FC Barcelona,Sevilla FC,2:01,RW,72,1:00,Perna esquerda,Thierry Henry
2007-2008,LaLiga,4,9/22/07,H,FC Barcelona,Sevilla FC,2:01,RW,79,2:00,Penalty,
2007-2008,LaLiga,5,9/26/07,H,FC Barcelona,Real Zaragoza,4:01,RW,5,1:00,Perna esquerda,Thierry Henry
2007-2008,LaLiga,5,9/26/07,H,FC Barcelona,Real Zaragoza,4:01,RW,10,2:01,Perna esquerda,Deco
2007-2008,LaLiga,6,9/29/07,A,FC Barcelona,Levante UD,1:04,RW,50,0:04,Perna esquerda,Deco
2007-2008,UEFA Champions League,Group Stage,10-02/07,A,FC Barcelona,VfB Stuttgart,0:02,RW,66,0:02,Deflected shot on goal,Thierry Henry
2007-2008,LaLiga,7,10/07/07,H,FC Barcelona,Atletico de Madrid,3:00,RW,19,2:00,Perna esquerda,Ronaldinho
2007-2008,Eliminatórias,2,10/16/07,A,Argentina,Venezuela,0:02,CF,42,0:02,Perna esquerda,Carlos Tevez
2007-2008,LaLiga,9,10/28/07,H,FC Barcelona,UD Almera,2:00,RW,80,2:00,Penalty,
2007-2008,UEFA Champions League,Group Stage,11/07/07,H,FC Barcelona,Rangers FC,2:00,RW,41,2:00,Perna esquerda,Ronaldinho
2007-2008,Eliminatórias,4,11/20/07,A,Argentina,Colômbia,2:01,LW,36,0:01,Perna esquerda,Juan Roman Riquelme
2007-2008,LaLiga,13,11/24/07,H,FC Barcelona,Recreativo Huelva,3:00,RW,81,3:00,Penalty,
2007-2008,UEFA Champions League,Group Stage,11/27/07,A,FC Barcelona,Olympique Lyon,2:02,RW,58,1:02,Penalty,
2007-2008,UEFA Champions League,last 16,2/20/08,A,FC Barcelona,Celtic FC,2:03,RW,18,1:01,Perna esquerda,Deco
2007-2008,UEFA Champions League,last 16,2/20/08,A,FC Barcelona,Celtic FC,2:03,RW,79,2:03,Perna esquerda,
2007-2008,LaLiga,25,2/24/08,H,FC Barcelona,Levante UD,5:01,RW,44,2:01,Perna esquerda,Xavi
2007-2008,LaLiga,35,05-04/08,H,FC Barcelona,Valencia CF,6:00,RW,5,1:00,Penalty,
2007-2008,Amistoso,Amistoso,06/04/08,A,Argentina,México,1:04,RW,18,0:02,Perna esquerda,Julio Cruz
2008-2009,LaLiga,2,9/13/08,H,FC Barcelona,Racing Santander,1:01,RW,70,1:00,Penalty,
2008-2009,LaLiga,3,9/21/08,A,FC Barcelona,Sporting Gijon,1:06,RW,85,1:05,Perna esquerda,Andres Iniesta
2008-2009,LaLiga,3,9/21/08,A,FC Barcelona,Sporting Gijon,1:06,RW,89,1:06,Cabeça,Xavi
2008-2009,LaLiga,5,9/27/08,A,FC Barcelona,RCD Espanyol Barcelona,1:02,RW,90,1:02,Penalty,
2008-2009,UEFA Champions League,Group Stage,10-01/08,A,FC Barcelona,Shakhtar Donetsk,1:02,RW,87,1:01,Perna direita,Bojan Krkic
2008-2009,UEFA Champions League,Group Stage,10-01/08,A,FC Barcelona,Shakhtar Donetsk,1:02,RW,90+2,1:02,Perna esquerda,Xavi
2008-2009,LaLiga,6,10-04/08,H,FC Barcelona,Atletico de Madrid,6:01,RW,8,3:00,Falta,
2008-2009,Eliminatórias,9,10/11/08,H,Argentina,Uruguai,2:01,RW,5,2:00,Cabeça,Juan Roman Riquelme
2008-2009,UEFA Champions League,Group Stage,10/22/08,A,FC Barcelona,FC Basel 1893,0:05,CF,4,0:01,Perna esquerda,Dani Alves
2008-2009,LaLiga,9,11-01/08,A,FC Barcelona,Malaga CF,1:04,RW,19,1:02,Perna esquerda,
2008-2009,UEFA Champions League,Group Stage,11-04/08,H,FC Barcelona,FC Basel 1893,1:01,RW,61,1:00,Perna esquerda,Thierry Henry
2008-2009,Copa del Rey,Fifth Round,11/12/08,H,FC Barcelona,Benidorm CD,1:00,RW,86,1:00,Penalty rebound,
2008-2009,LaLiga,11,11/16/08,A,FC Barcelona,Recreativo Huelva,0:02,RW,51,0:01,Perna esquerda,Xavi
2008-2009,UEFA Champions League,Group Stage,11/26/08,A,FC Barcelona,Sporting CP,2:05,RW,49,0:03,Perna esquerda,Dani Alves
2008-2009,LaLiga,13,11/29/08,A,FC Barcelona,Sevilla FC,0:03,RW,78,0:02,Perna esquerda,Xavi
2008-2009,LaLiga,13,11/29/08,A,FC Barcelona,Sevilla FC,0:03,RW,90+2,0:03,Perna esquerda,Aleksandr Hleb
2008-2009,LaLiga,15,12/13/08,H,FC Barcelona,Real Madrid,2:00,RW,89,2:00,Counter attack goal,Thierry Henry
2008-2009,Copa del Rey,Round of 16,01/06/09,A,FC Barcelona,Atletico de Madrid,1:03,RW,11,0:01,Perna esquerda,Dani Alves
2008-2009,Copa del Rey,Round of 16,01/06/09,A,FC Barcelona,Atletico de Madrid,1:03,RW,57,0:02,Penalty,
2008-2009,Copa del Rey,Round of 16,01/06/09,A,FC Barcelona,Atletico de Madrid,1:03,RW,79,1:03,Perna direita,Andres Iniesta
2008-2009,LaLiga,18,01/11/09,A,FC Barcelona,CA Osasuna,2:03,RW,84,2:03,Perna esquerda,Dani Alves
2008-2009,LaLiga,19,1/17/09,H,FC Barcelona,Deportivo de La Coruaa,5:00,RW,21,1:00,Perna esquerda,
2008-2009,LaLiga,20,1/24/09,H,FC Barcelona,CD Numancia,4:01,RW,49,1:00,Perna esquerda,Dani Alves
2008-2009,LaLiga,20,1/24/09,H,FC Barcelona,CD Numancia,4:01,RW,76,4:01,Perna direita,
2008-2009,LaLiga,21,02-01/09,A,FC Barcelona,Racing Santander,1:02,RW,65,1:01,Perna direita,Xavi
2008-2009,LaLiga,21,02-01/09,A,FC Barcelona,Racing Santander,1:02,RW,81,1:02,Perna direita,
2008-2009,Amistoso,Amistoso,02/11/09,A,Argentina,França,0:02,CF,83,0:02,Perna esquerda,Carlos Tevez
2008-2009,LaLiga,25,03-01/09,A,FC Barcelona,Atletico de Madrid,4:03,RW,30,0:02,Perna esquerda,
2008-2009,Copa del Rey,Semi-Finals,03-04/09,A,FC Barcelona,RCD Mallorca,1:01,RW,81,1:01,Perna esquerda,Gerard Pique
2008-2009,LaLiga,26,03/07/09,H,FC Barcelona,Athletic Bilbao,2:00,RW,31,2:00,Penalty,
2008-2009,UEFA Champions League,last 16,03/11/09,H,FC Barcelona,Olympique Lyon,5:02,RW,40,3:00,Perna esquerda,Samuel Etoo
2008-2009,LaLiga,28,3/22/09,H,FC Barcelona,Malaga CF,6:00,RW,26,2:00,Perna direita,Xavi
2008-2009,Eliminatórias,11,3/28/09,H,Argentina,Venezuela,4:00,RW,26,1:00,Perna esquerda,Carlos Tevez
2008-2009,UEFA Champions League,Quarter-Finals,04/2008-2009,H,FC Barcelona,Bayern Munich,4:00,RW,9,1:00,Perna esquerda,Samuel Etoo
2008-2009,UEFA Champions League,Quarter-Finals,04/2008-2009,H,FC Barcelona,Bayern Munich,4:00,RW,38,3:00,Perna direita,Thierry Henry
2008-2009,LaLiga,31,4/18/09,A,FC Barcelona,Getafe CF,0:01,RW,18,0:01,Perna esquerda,Xavi
2008-2009,LaLiga,33,4/25/09,A,FC Barcelona,Valencia CF,2:02,RW,23,0:01,Perna esquerda,Andres Iniesta
2008-2009,LaLiga,34,05-02/09,A,FC Barcelona,Real Madrid,2:06,CF,35,1:03,Perna esquerda,Xavi
2008-2009,LaLiga,34,05-02/09,A,FC Barcelona,Real Madrid,2:06,CF,75,2:05,Perna esquerda,Xavi
2008-2009,Copa del Rey,Final,5/13/09,H,FC Barcelona,Athletic Bilbao,4:01,RW,55,2:01,Perna esquerda,Samuel Etoo
2008-2009,UEFA Champions League,Final,5/27/09,H,FC Barcelona,Manchester United,2:00,CF,70,2:00,Cabeça,Xavi
2009-2010,Supercopa,final,8/23/09,H,FC Barcelona,Athletic Bilbao,3:00,RW,50,1:00,Perna direita,Zlatan Ibrahimovic
2009-2010,Supercopa,final,8/23/09,H,FC Barcelona,Athletic Bilbao,3:00,RW,68,2:00,Penalty,
2009-2010,LaLiga,2,09/12/09,A,FC Barcelona,Getafe CF,0:02,RW,78,0:02,Cabeça,Zlatan Ibrahimovic
2009-2010,LaLiga,3,9/19/09,H,FC Barcelona,Atletico de Madrid,5:02,RW,15,2:00,Perna esquerda,Xavi
2009-2010,LaLiga,3,9/19/09,H,FC Barcelona,Atletico de Madrid,5:02,RW,90+3,5:02,Perna direita,Dani Alves
2009-2010,LaLiga,4,9/22/09,A,FC Barcelona,Racing Santander,1:04,RW,23,0:02,Perna esquerda,Xavi
2009-2010,LaLiga,4,9/22/09,A,FC Barcelona,Racing Santander,1:04,RW,63,0:04,Perna esquerda,Xavi
2009-2010,UEFA Champions League,Group Stage,9/29/09,H,FC Barcelona,Dynamo Kyiv,2:00,RW,25,1:00,Perna esquerda,Andres Iniesta
2009-2010,LaLiga,8,10/25/09,H,FC Barcelona,Real Zaragoza,6:01,RW,80,5:01,Perna esquerda,Andres Iniesta
2009-2010,LaLiga,10,11/07/09,H,FC Barcelona,RCD Mallorca,4:02,RW,86,4:01,Penalty,
2009-2010,Copa del Rey,5th round,11/10/09,H,FC Barcelona,Cultural Leonesa,5:00,RW,64,4:00,Perna esquerda,Pedro
2009-2010,Amistoso,Amistoso,11/14/09,A,Argentina,Espanha,2:01,CF,58,1:01,Penalty,
2009-2010,LaLiga,13,12/05/09,A,FC Barcelona,Deportivo de La Coruaa,1:03,RW,26,0:01,Perna esquerda,Dani Alves
2009-2010,LaLiga,13,12/05/09,A,FC Barcelona,Deportivo de La Coruaa,1:03,RW,80,1:02,Cabeça,Pedro
2009-2010,UEFA Champions League,Group Stage,12/09/09,A,FC Barcelona,Dynamo Kyiv,1:02,RW,86,1:02,Falta,
2009-2010,FIFA Club World Cup,Semi-Finals,12/16/09,A,FC Barcelona,CF Atlante,1:03,RW,55,1:02,Perna esquerda,Zlatan Ibrahimovic
2009-2010,FIFA Club World Cup,Final,12/19/09,A,FC Barcelona,Club Estudiantes de La Plata,1:2 AET,RW,110,1:02,Chest,Dani Alves
2009-2010,LaLiga,17,01/10/10,A,FC Barcelona,CD Tenerife,0:05,RW,36,0:01,Perna esquerda,Bojan Krkic
2009-2010,LaLiga,17,01/10/10,A,FC Barcelona,CD Tenerife,0:05,RW,45,0:03,Perna direita,Bojan Krkic
2009-2010,LaLiga,17,01/10/10,A,FC Barcelona,CD Tenerife,0:05,RW,75,0:04,Perna esquerda,Bojan Krkic
2009-2010,LaLiga,18,1/16/10,H,FC Barcelona,Sevilla FC,4:00,RW,85,3:00,Perna esquerda,Dani Alves
2009-2010,LaLiga,18,1/16/10,H,FC Barcelona,Sevilla FC,4:00,RW,90+1,4:00,Perna esquerda,Éric Abidal
2009-2010,LaLiga,19,1/23/10,A,FC Barcelona,Real Valladolid CF,0:03,RW,54,0:03,Perna esquerda,Zlatan Ibrahimovic
2009-2010,LaLiga,21,02/06/10,H,FC Barcelona,Getafe CF,2:01,RW,7,1:00,Perna esquerda,Yaya Toure
2009-2010,LaLiga,24,2/27/10,H,FC Barcelona,Malaga CF,2:01,RW,84,2:01,Perna direita,Dani Alves
2009-2010,LaLiga,25,03/06/10,A,FC Barcelona,UD Almera,2:02,RW,42,1:01,Falta,
2009-2010,LaLiga,25,03/06/10,A,FC Barcelona,UD Almera,2:02,RW,66,2:02,Perna esquerda,
2009-2010,LaLiga,26,3/14/10,H,FC Barcelona,Valencia CF,3:00,CF,56,1:00,Perna esquerda,Xavi
2009-2010,LaLiga,26,3/14/10,H,FC Barcelona,Valencia CF,3:00,CF,80,2:00,Perna esquerda,Thierry Henry
2009-2010,LaLiga,26,3/14/10,H,FC Barcelona,Valencia CF,3:00,CF,82,3:00,Perna direita,Thierry Henry
2009-2010,UEFA Champions League,last 16,3/17/10,H,FC Barcelona,VfB Stuttgart,4:00,CF,13,1:00,Perna esquerda,Yaya Toure
2009-2010,UEFA Champions League,last 16,3/17/10,H,FC Barcelona,VfB Stuttgart,4:00,CF,56,3:00,Perna esquerda,Dani Alves
2009-2010,LaLiga,27,3/21/10,A,FC Barcelona,Real Zaragoza,2:04,RW,4,0:01,Cabeça,Pedro
2009-2010,LaLiga,27,3/21/10,A,FC Barcelona,Real Zaragoza,2:04,RW,65,0:02,Perna esquerda,
2009-2010,LaLiga,27,3/21/10,A,FC Barcelona,Real Zaragoza,2:04,RW,78,0:03,Perna esquerda,Andres Iniesta
2009-2010,LaLiga,30,04-03/10,H,FC Barcelona,Athletic Bilbao,4:01,CF,67,4:00,Perna esquerda,Pedro
2009-2010,UEFA Champions League,Quarter-Finals,04/06/10,H,FC Barcelona,Arsenal FC,4:01,CF,21,1:01,Perna esquerda,
2009-2010,UEFA Champions League,Quarter-Finals,04/06/10,H,FC Barcelona,Arsenal FC,4:01,CF,37,2:01,Perna direita,Pedro
2009-2010,UEFA Champions League,Quarter-Finals,04/06/10,H,FC Barcelona,Arsenal FC,4:01,CF,42,3:01,Perna esquerda,Seydou Keita
2009-2010,UEFA Champions League,Quarter-Finals,04/06/10,H,FC Barcelona,Arsenal FC,4:01,CF,88,4:01,Perna esquerda,Xavi
2009-2010,LaLiga,31,04/10/10,A,FC Barcelona,Real Madrid,0:02,CF,32,0:01,Perna direita,Xavi
2009-2010,LaLiga,35,05-01/10,A,FC Barcelona,Villarreal CF,1:04,RW,18,0:01,Perna esquerda,Xavi
2009-2010,LaLiga,35,05-01/10,A,FC Barcelona,Villarreal CF,1:04,RW,87,1:04,Perna esquerda,Dani Alves
2009-2010,LaLiga,36,05-04/10,H,FC Barcelona,CD Tenerife,4:01,RW,16,1:00,Perna direita,Zlatan Ibrahimovic
2009-2010,LaLiga,36,05-04/10,H,FC Barcelona,CD Tenerife,4:01,RW,90+3,4:01,Perna direita,Dani Alves
2009-2010,LaLiga,37,05/08/10,A,FC Barcelona,Sevilla FC,2:03,RW,5,0:01,Perna esquerda,Maxwell
2009-2010,LaLiga,38,5/16/10,H,FC Barcelona,Real Valladolid CF,4:00,RW,61,3:00,Perna direita,Yaya Toure
2009-2010,LaLiga,38,5/16/10,H,FC Barcelona,Real Valladolid CF,4:00,RW,74,4:00,Perna esquerda,Yaya Toure
2010-2011,Supercopa,final,8/21/10,H,FC Barcelona,Sevilla FC,4:00,RW,25,2:00,Perna esquerda,Xavi
2010-2011,Supercopa,final,8/21/10,H,FC Barcelona,Sevilla FC,4:00,RW,43,3:00,Perna direita,Dani Alves
2010-2011,Supercopa,final,8/21/10,H,FC Barcelona,Sevilla FC,4:00,RW,90+1,4:00,Perna esquerda,Andres Iniesta
2010-2011,LaLiga,1,8/29/10,A,FC Barcelona,Racing Santander,0:03,RW,3,0:01,Perna esquerda,Andres Iniesta
2010-2011,Amistoso,Amistoso,9/7/2010,H,Argentina,Espanha,4:01,CF,10,0:01,Perna esquerda,Carlos Tevez
2010-2011,UEFA Champions League,Group Stage,9/14/10,H,FC Barcelona,Panathinaikos Athens,5:01,CF,22,1:01,Perna esquerda,Xavi
2010-2011,UEFA Champions League,Group Stage,9/14/10,H,FC Barcelona,Panathinaikos Athens,5:01,CF,45,3:01,Perna esquerda,Pedro
2010-2011,LaLiga,3,9/19/10,A,FC Barcelona,Atletico de Madrid,1:02,CF,12,0:01,Perna esquerda,Pedro
2010-2011,LaLiga,6,10-03/10,H,FC Barcelona,RCD Mallorca,1:01,CF,20,1:00,Perna esquerda,Pedro
2010-2011,UEFA Champions League,Group Stage,10/20/10,H,FC Barcelona,FC Copenhagen,2:00,CF,18,1:00,Perna esquerda,Andres Iniesta
2010-2011,UEFA Champions League,Group Stage,10/20/10,H,FC Barcelona,FC Copenhagen,2:00,CF,90+1,2:00,Perna esquerda,Éric Abidal
2010-2011,LaLiga,8,10/23/10,A,FC Barcelona,Real Zaragoza,0:02,CF,41,0:01,Perna esquerda,David Villa
2010-2011,LaLiga,8,10/23/10,A,FC Barcelona,Real Zaragoza,0:02,CF,65,0:02,Perna esquerda,
2010-2011,LaLiga,9,10/30/10,H,FC Barcelona,Sevilla FC,5:00,RW,4,1:00,Perna esquerda,
2010-2011,LaLiga,9,10/30/10,H,FC Barcelona,Sevilla FC,5:00,RW,63,4:00,Perna esquerda,
2010-2011,UEFA Champions League,Group Stage,11-02/10,A,FC Barcelona,FC Copenhagen,1:01,CF,31,0:01,Perna direita,
2010-2011,LaLiga,10,11/07/10,A,FC Barcelona,Getafe CF,1:03,CF,23,0:01,Perna esquerda,David Villa
2010-2011,Copa del Rey,4th round,11/10/10,H,FC Barcelona,Club Atletico de Ceuta,5:01,RW,67,5:01,Perna esquerda,Thiago
2010-2011,LaLiga,11,11/13/10,H,FC Barcelona,Villarreal CF,3:01,CF,58,2:01,Perna direita,Pedro
2010-2011,LaLiga,11,11/13/10,H,FC Barcelona,Villarreal CF,3:01,CF,83,3:01,Perna esquerda,Pedro
2010-2011,Amistoso,Amistoso,11/17/10,A,Argentina,Brasil,0:01,CF,88,0:01,Perna esquerda,Ezequiel Lavezzi
2010-2011,LaLiga,12,11/20/10,A,FC Barcelona,UD Almera,0:08,CF,16,0:01,Perna esquerda,David Villa
2010-2011,LaLiga,12,11/20/10,A,FC Barcelona,UD Almera,0:08,CF,36,0:05,Tap-in,
2010-2011,LaLiga,12,11/20/10,A,FC Barcelona,UD Almera,0:08,CF,67,0:07,Tap-in,David Villa
2010-2011,UEFA Champions League,Group Stage,11/24/10,A,FC Barcelona,Panathinaikos Athens,0:03,CF,63,0:02,Perna esquerda,Adriano
2010-2011,LaLiga,14,12-04/10,A,FC Barcelona,CA Osasuna,0:03,CF,64,0:02,Perna esquerda,David Villa
2010-2011,LaLiga,14,12-04/10,A,FC Barcelona,CA Osasuna,0:03,CF,82,0:03,Penalty,
2010-2011,LaLiga,15,12/12/10,H,FC Barcelona,Real Sociedad,5:00,CF,46,3:00,Perna esquerda,Dani Alves
2010-2011,LaLiga,15,12/12/10,H,FC Barcelona,Real Sociedad,5:00,CF,86,4:00,Perna esquerda,Bojan Krkic
2010-2011,LaLiga,18,01/08/11,A,FC Barcelona,Deportivo de La Coruaa,0:04,CF,51,0:02,Falta,
2010-2011,Copa del Rey,Quarter-Finals,01/12/11,H,FC Barcelona,Real Betis Balompie,5:00,CF,44,1:00,Perna esquerda,Andres Iniesta
2010-2011,Copa del Rey,Quarter-Finals,01/12/11,H,FC Barcelona,Real Betis Balompie,5:00,CF,63,2:00,Perna esquerda,
2010-2011,Copa del Rey,Quarter-Finals,01/12/11,H,FC Barcelona,Real Betis Balompie,5:00,CF,73,3:00,Perna esquerda,Xavi
2010-2011,Copa del Rey,Quarter-Finals,1/19/11,A,FC Barcelona,Real Betis Balompie,3:01,RW,37,2:01,Perna esquerda,Xavi
2010-2011,LaLiga,20,1/22/11,H,FC Barcelona,Racing Santander,3:00,CF,33,2:00,Penalty,
2010-2011,Copa del Rey,Semi-Finals,1/26/11,H,FC Barcelona,UD Almera,5:00,CF,9,1:00,Perna esquerda,Pedro
2010-2011,Copa del Rey,Semi-Finals,1/26/11,H,FC Barcelona,UD Almera,5:00,CF,15,3:00,Perna esquerda,Andres Iniesta
2010-2011,LaLiga,21,1/29/11,A,FC Barcelona,Hercules CF,0:03,CF,87,0:02,Perna esquerda,Dani Alves
2010-2011,LaLiga,21,1/29/11,A,FC Barcelona,Hercules CF,0:03,CF,89,0:03,Perna esquerda,Dani Alves
2010-2011,LaLiga,22,02/05/11,H,FC Barcelona,Atletico de Madrid,3:00,CF,16,1:00,Perna esquerda,Dani Alves
2010-2011,LaLiga,22,02/05/11,H,FC Barcelona,Atletico de Madrid,3:00,CF,28,2:00,Perna esquerda,Pedro
2010-2011,LaLiga,22,02/05/11,H,FC Barcelona,Atletico de Madrid,3:00,CF,78,3:00,Perna esquerda,David Villa
2010-2011,Amistoso,Amistoso,02/09/11,A,Argentina,Portugal,1:02,CF,90,1:02,Penalty,
2010-2011,LaLiga,24,2/20/11,H,FC Barcelona,Athletic Bilbao,2:01,CF,78,2:01,Perna direita,Dani Alves
2010-2011,LaLiga,25,2/26/11,A,FC Barcelona,RCD Mallorca,0:03,CF,38,0:01,Cabeça,Seydou Keita
2010-2011,LaLiga,26,03-02/11,A,FC Barcelona,Valencia CF,0:01,CF,77,0:01,Perna esquerda,Adriano
2010-2011,UEFA Champions League,last 16,03/08/11,H,FC Barcelona,Arsenal FC,3:01,RW,49,1:00,Perna esquerda,Andres Iniesta
2010-2011,UEFA Champions League,last 16,03/08/11,H,FC Barcelona,Arsenal FC,3:01,RW,72,3:01,Penalty,
2010-2011,LaLiga,31,04/09/11,H,FC Barcelona,UD Almera,3:01,CF,52,1:01,Penalty,
2010-2011,LaLiga,31,04/09/11,H,FC Barcelona,UD Almera,3:01,CF,90+1,3:01,Perna esquerda,Seydou Keita
2010-2011,UEFA Champions League,Quarter-Finals,04/12/11,A,FC Barcelona,Shakhtar Donetsk,0:01,CF,42,0:01,Perna esquerda,Dani Alves
2010-2011,LaLiga,32,4/16/11,A,FC Barcelona,Real Madrid,1:01,CF,53,0:01,Penalty,
2010-2011,LaLiga,33,4/23/11,H,FC Barcelona,CA Osasuna,2:00,CF,87,2:00,Perna direita,Dani Alves
2010-2011,UEFA Champions League,Semi-Finals,4/27/11,A,FC Barcelona,Real Madrid,0:02,CF,76,0:01,Perna esquerda,Ibrahim Afellay
2010-2011,UEFA Champions League,Semi-Finals,4/27/11,A,FC Barcelona,Real Madrid,0:02,CF,87,0:02,Solo run,Sergio Busquets
2010-2011,UEFA Champions League,Final,5/28/11,H,FC Barcelona,Manchester United,3:01,CF,54,2:01,Perna esquerda,Andres Iniesta
2010-2011,Amistoso,Amistoso,6/20/11,H,Argentina,Albânia,4:00,CF,43,2:00,Perna esquerda,Ever Banega
2011-2012,Supercopa,final,8/14/11,A,FC Barcelona,Real Madrid,2:02,CF,45,1:02,Perna esquerda,Thiago
2011-2012,Supercopa,final,8/17/11,H,FC Barcelona,Real Madrid,3:02,CF,44,2:01,Perna direita,Gerard Pique
2011-2012,Supercopa,final,8/17/11,H,FC Barcelona,Real Madrid,3:02,CF,88,3:02,Perna esquerda,Adriano
2011-2012,UEFA Super Cup,Final,8/26/11,H,FC Barcelona,FC Porto,2:00,CF,39,1:00,Perna esquerda,
2011-2012,LaLiga,2,8/29/11,H,FC Barcelona,Villarreal CF,5:00,CF,51,4:00,Perna direita,Andres Iniesta
2011-2012,LaLiga,2,8/29/11,H,FC Barcelona,Villarreal CF,5:00,CF,74,5:00,Perna esquerda,Thiago
2011-2012,LaLiga,4,9/17/11,H,FC Barcelona,CA Osasuna,8:00,CF,5,1:00,Perna esquerda,Dani Alves
2011-2012,LaLiga,4,9/17/11,H,FC Barcelona,CA Osasuna,8:00,CF,41,5:00,Perna esquerda,Cesc Fabregas
2011-2012,LaLiga,4,9/17/11,H,FC Barcelona,CA Osasuna,8:00,CF,79,8:00,Perna esquerda,Cesc Fabregas
2011-2012,LaLiga,6,9/24/11,H,FC Barcelona,Atletico de Madrid,5:00,CF,26,3:00,Perna esquerda,Pedro
2011-2012,LaLiga,6,9/24/11,H,FC Barcelona,Atletico de Madrid,5:00,CF,78,4:00,Perna esquerda,Dani Alves
2011-2012,LaLiga,6,9/24/11,H,FC Barcelona,Atletico de Madrid,5:00,CF,90+1,5:00,Perna esquerda,David Villa
2011-2012,UEFA Champions League,Group Stage,9/28/11,A,FC Barcelona,BATE Borisov,0:05,CF,38,0:03,Cabeça,
2011-2012,UEFA Champions League,Group Stage,9/28/11,A,FC Barcelona,BATE Borisov,0:05,CF,56,0:04,Perna esquerda,Dani Alves
2011-2012,Eliminatórias,1,10/7/11,H,Argentina,Chile,4:01,RW,25,2:00,Perna esquerda,Gonzalo Higuain
2011-2012,LaLiga,8,10/15/11,H,FC Barcelona,Racing Santander,3:00,CF,11,1:00,Perna direita,Andres Iniesta
2011-2012,LaLiga,8,10/15/11,H,FC Barcelona,Racing Santander,3:00,CF,69,3:00,Perna direita,
2011-2012,LaLiga,11,10/29/11,H,FC Barcelona,RCD Mallorca,5:00,CF,13,1:00,Penalty,
2011-2012,LaLiga,11,10/29/11,H,FC Barcelona,RCD Mallorca,5:00,CF,21,2:00,Perna direita,Adriano
2011-2012,LaLiga,11,10/29/11,H,FC Barcelona,RCD Mallorca,5:00,CF,30,3:00,Perna esquerda,Dani Alves
2011-2012,UEFA Champions League,Group Stage,11-01/11,A,FC Barcelona,FC Viktoria Plzen,0:04,CF,24,0:01,Penalty,
2011-2012,UEFA Champions League,Group Stage,11-01/11,A,FC Barcelona,FC Viktoria Plzen,0:04,CF,45+2,0:02,Perna esquerda,Adriano
2011-2012,UEFA Champions League,Group Stage,11-01/11,A,FC Barcelona,FC Viktoria Plzen,0:04,CF,90+2,0:04,Perna esquerda,Gerard Pique
2011-2012,LaLiga,12,11/06/11,A,FC Barcelona,Athletic Bilbao,2:02,CF,90,2:02,Perna esquerda,
2011-2012,Eliminatórias,4,11/15/11,A,Argentina,Colômbia,1:02,RW,61,1:01,Perna esquerda,
2011-2012,LaLiga,13,11/19/11,H,FC Barcelona,Real Zaragoza,4:00,CF,43,2:00,Perna direita,Cesc Fabregas
2011-2012,UEFA Champions League,Group Stage,11/23/11,A,FC Barcelona,AC Milan,2:03,SS,31,1:02,Penalty,
2011-2012,LaLiga,17,11/29/11,H,FC Barcelona,Rayo Vallecano,4:00,CF,49,4:00,Perna esquerda,Dani Alves
2011-2012,LaLiga,15,12-03/11,H,FC Barcelona,Levante UD,5:00,CF,55,4:00,Perna esquerda,Dani Alves
2011-2012,FIFA Club World Cup,Final,12/18/11,A,FC Barcelona,Santos FC,0:04,RW,17,0:01,Perna esquerda,Xavi
2011-2012,FIFA Club World Cup,Final,12/18/11,A,FC Barcelona,Santos FC,0:04,RW,82,0:04,Perna esquerda,Dani Alves
2011-2012,Copa del Rey,last 16,01-04/12,H,FC Barcelona,CA Osasuna,4:00,CF,71,3:00,Cabeça,Cesc Fabregas
2011-2012,Copa del Rey,last 16,01-04/12,H,FC Barcelona,CA Osasuna,4:00,CF,90,4:00,Perna esquerda,Xavi
2011-2012,LaLiga,19,1/15/12,H,FC Barcelona,Real Betis Balompie,4:02,CF,12,2:00,Perna direita,Alexis Sanchez
2011-2012,LaLiga,19,1/15/12,H,FC Barcelona,Real Betis Balompie,4:02,CF,86,4:02,Penalty,
2011-2012,LaLiga,1,1/22/12,A,FC Barcelona,Malaga CF,1:04,CF,32,0:01,Cabeça,Adriano
2011-2012,LaLiga,1,1/22/12,A,FC Barcelona,Malaga CF,1:04,CF,51,0:03,Perna esquerda,Thiago
2011-2012,LaLiga,1,1/22/12,A,FC Barcelona,Malaga CF,1:04,CF,77,0:04,Perna esquerda,Pedro
2011-2012,LaLiga,22,02-04/12,H,FC Barcelona,Real Sociedad,2:01,CF,72,2:00,Perna esquerda,Dani Alves
2011-2012,UEFA Champions League,last 16,2/14/12,A,FC Barcelona,Bayer 04 Leverkusen,1:03,CF,88,1:03,Perna esquerda,Dani Alves
2011-2012,LaLiga,24,2/19/12,H,FC Barcelona,Valencia CF,5:01,CF,21,1:01,Perna esquerda,
2011-2012,LaLiga,24,2/19/12,H,FC Barcelona,Valencia CF,5:01,CF,27,2:01,Tap-in,
2011-2012,LaLiga,24,2/19/12,H,FC Barcelona,Valencia CF,5:01,CF,75,3:01,Perna esquerda,Cristian Tello
2011-2012,LaLiga,24,2/19/12,H,FC Barcelona,Valencia CF,5:01,CF,84,4:01,Perna esquerda,Sergio Busquets
2011-2012,LaLiga,25,2/26/12,A,FC Barcelona,Atletico de Madrid,1:02,CF,79,1:02,Falta,
2011-2012,Amistoso,Amistoso,2/29/12,A,Argentina,Suíça,1:03,RW,20,0:01,Perna esquerda,Sergio Aguero
2011-2012,Amistoso,Amistoso,2/29/12,A,Argentina,Suíça,1:03,RW,88,1:02,Perna esquerda,Sergio Aguero
2011-2012,Amistoso,Amistoso,2/29/12,A,Argentina,Suíça,1:03,RW,90+3,1:03,Penalty,
2011-2012,UEFA Champions League,last 16,03/07/12,H,FC Barcelona,Bayer 04 Leverkusen,7:01,CF,25,1:00,Perna esquerda,Xavi
2011-2012,UEFA Champions League,last 16,03/07/12,H,FC Barcelona,Bayer 04 Leverkusen,7:01,CF,42,2:00,Perna esquerda,Andres Iniesta
2011-2012,UEFA Champions League,last 16,03/07/12,H,FC Barcelona,Bayer 04 Leverkusen,7:01,CF,50,3:00,Perna direita,Cesc Fabregas
2011-2012,UEFA Champions League,last 16,03/07/12,H,FC Barcelona,Bayer 04 Leverkusen,7:01,CF,58,5:00,Perna esquerda,
2011-2012,UEFA Champions League,last 16,03/07/12,H,FC Barcelona,Bayer 04 Leverkusen,7:01,CF,85,7:00,Perna esquerda,Seydou Keita
2011-2012,LaLiga,27,03/11/12,A,FC Barcelona,Racing Santander,0:02,CF,28,0:01,Perna esquerda,Cesc Fabregas
2011-2012,LaLiga,27,03/11/12,A,FC Barcelona,Racing Santander,0:02,CF,55,0:02,Penalty,
2011-2012,LaLiga,28,3/17/12,A,FC Barcelona,Sevilla FC,0:02,CF,25,0:02,Perna esquerda,Andres Iniesta
2011-2012,LaLiga,29,3/20/12,H,FC Barcelona,Granada CF,5:03,CF,16,2:00,Perna esquerda,Isaac Cuenca
2011-2012,LaLiga,29,3/20/12,H,FC Barcelona,Granada CF,5:03,CF,66,3:02,Perna esquerda,Dani Alves
2011-2012,LaLiga,29,3/20/12,H,FC Barcelona,Granada CF,5:03,CF,85,5:02,Perna esquerda,Dani Alves
2011-2012,LaLiga,30,3/24/12,A,FC Barcelona,RCD Mallorca,0:02,CF,25,0:01,Falta,
2011-2012,LaLiga,31,3/31/12,H,FC Barcelona,Athletic Bilbao,2:00,CF,57,2:00,Penalty,
2011-2012,UEFA Champions League,Quarter-Finals,04-03/12,H,FC Barcelona,AC Milan,3:01,RW,11,1:00,Penalty,
2011-2012,UEFA Champions League,Quarter-Finals,04-03/12,H,FC Barcelona,AC Milan,3:01,RW,42,2:01,Penalty,
2011-2012,LaLiga,32,04/07/12,A,FC Barcelona,Real Zaragoza,1:04,CF,39,1:02,Perna esquerda,Alexis Sanchez
2011-2012,LaLiga,32,04/07/12,A,FC Barcelona,Real Zaragoza,1:04,CF,86,1:03,Penalty,
2011-2012,LaLiga,33,04/10/12,H,FC Barcelona,Getafe CF,4:00,CF,44,2:00,Perna esquerda,Andres Iniesta
2011-2012,LaLiga,34,4/14/12,A,FC Barcelona,Levante UD,1:02,CF,64,1:01,Perna esquerda,Alexis Sanchez
2011-2012,LaLiga,34,4/14/12,A,FC Barcelona,Levante UD,1:02,CF,73,1:02,Penalty,
2011-2012,LaLiga,36,4/29/12,A,FC Barcelona,Rayo Vallecano,0:07,CF,16,0:01,Perna esquerda,Pedro
2011-2012,LaLiga,36,4/29/12,A,FC Barcelona,Rayo Vallecano,0:07,CF,88,0:07,Perna esquerda,Pedro
2011-2012,LaLiga,20,05-02/12,H,FC Barcelona,Malaga CF,4:01,CF,34,2:01,Penalty,
2011-2012,LaLiga,20,05-02/12,H,FC Barcelona,Malaga CF,4:01,CF,60,3:01,Penalty,
2011-2012,LaLiga,20,05-02/12,H,FC Barcelona,Malaga CF,4:01,CF,63,4:01,Perna esquerda,Andres Iniesta
2011-2012,LaLiga,37,05/05/12,H,FC Barcelona,RCD Espanyol Barcelona,4:00,CF,11,1:00,Falta,
2011-2012,LaLiga,37,05/05/12,H,FC Barcelona,RCD Espanyol Barcelona,4:00,CF,63,2:00,Penalty,
2011-2012,LaLiga,37,05/05/12,H,FC Barcelona,RCD Espanyol Barcelona,4:00,CF,73,3:00,Perna esquerda,Adriano
2011-2012,LaLiga,37,05/05/12,H,FC Barcelona,RCD Espanyol Barcelona,4:00,CF,78,4:00,Penalty,
2011-2012,Copa del Rey,Final,5/25/12,H,FC Barcelona,Athletic Bilbao,3:00,CF,20,2:00,Perna direita,Andres Iniesta
2011-2012,Eliminatórias,5,6/2/12,H,Argentina,Equador,4:00,RW,31,3:00,Perna esquerda,Gonzalo Higuain
2011-2012,Amistoso,Amistoso,6/09/12,A,Argentina,Brasil,3:04,RW,31,1:01,Perna esquerda,Gonzalo Higuain
2011-2012,Amistoso,Amistoso,6/09/12,A,Argentina,Brasil,3:04,RW,34,1:02,Perna esquerda,Angel Di Maria
2011-2012,Amistoso,Amistoso,6/09/12,A,Argentina,Brasil,3:04,RW,84,3:04,Perna esquerda,
2012-2013,Amistoso,Amistoso,8/15/12,A,Argentina,Alemanha,1:03,RW,51,1:02,Perna esquerda,Gonzalo Higuain
2012-2013,LaLiga,1,8/19/12,H,FC Barcelona,Real Sociedad,5:01,CF,10,2:01,Perna esquerda,Pedro
2012-2013,LaLiga,1,8/19/12,H,FC Barcelona,Real Sociedad,5:01,CF,15,3:01,Perna esquerda,Cristian Tello
2012-2013,Supercopa,final,8/23/12,H,FC Barcelona,Real Madrid,3:02,CF,60,2:01,Penalty,
2012-2013,LaLiga,2,8/26/12,A,FC Barcelona,CA Osasuna,1:02,CF,74,1:01,Perna esquerda,Alexis Sanchez
2012-2013,LaLiga,2,8/26/12,A,FC Barcelona,CA Osasuna,1:02,CF,79,1:02,Perna esquerda,Jordi Alba
2012-2013,Supercopa,final,8/29/12,A,FC Barcelona,Real Madrid,2:01,CF,45,2:01,Falta,
2012-2013,Eliminatórias,7,9/07/12,H,Argentina,Paraguai,3:01,CF,63,3:01,Falta,
2012-2013,LaLiga,4,9/15/12,A,FC Barcelona,Getafe CF,1:04,CF,74,0:02,Penalty,
2012-2013,LaLiga,4,9/15/12,A,FC Barcelona,Getafe CF,1:04,CF,78,0:03,Perna esquerda,Pedro
2012-2013,UEFA Champions League,Group Stage,9/19/12,H,FC Barcelona,Spartak Moscow,3:02,CF,71,2:02,Perna esquerda,Cristian Tello
2012-2013,UEFA Champions League,Group Stage,9/19/12,H,FC Barcelona,Spartak Moscow,3:02,CF,80,3:02,Cabeça,Alexis Sanchez
2012-2013,LaLiga,7,10/07/12,H,FC Barcelona,Real Madrid,2:02,CF,31,1:01,Perna esquerda,
2012-2013,LaLiga,7,10/07/12,H,FC Barcelona,Real Madrid,2:02,CF,60,2:01,Falta,
2012-2013,Eliminatórias,9,10/12/12,H,Argentina,Uruguai,3:00,RW,65,1:00,Perna direita,Angel Di Maria
2012-2013,Eliminatórias,9,10/12/12,H,Argentina,Uruguai,3:00,RW,79,3:00,Falta,
2012-2013,Eliminatórias,10,10/16/12,A,Argentina,Chile,1:02,CF,28,0:01,Perna esquerda,Fernando Gago
2012-2013,LaLiga,8,10/20/12,A,FC Barcelona,Deportivo de La Coruaa,4:05,CF,17,0:03,Perna esquerda,Cesc Fabregas
2012-2013,LaLiga,8,10/20/12,A,FC Barcelona,Deportivo de La Coruaa,4:05,CF,43,2:04,Perna esquerda,Cesc Fabregas
2012-2013,LaLiga,8,10/20/12,A,FC Barcelona,Deportivo de La Coruaa,4:05,CF,76,3:05,Perna esquerda,Xavi
2012-2013,LaLiga,9,10/27/12,A,FC Barcelona,Rayo Vallecano,0:05,CF,48,0:02,Perna esquerda,Marta Montoya
2012-2013,LaLiga,9,10/27/12,A,FC Barcelona,Rayo Vallecano,0:05,CF,89,0:05,Perna direita,Cesc Fabregas
2012-2013,UEFA Champions League,Group Stage,11/07/12,A,FC Barcelona,Celtic FC,2:01,CF,90+1,2:01,Tap-in,
2012-2013,LaLiga,11,11/11/12,A,FC Barcelona,RCD Mallorca,2:04,CF,43,0:02,Perna esquerda,Sergio Busquets
2012-2013,LaLiga,11,11/11/12,A,FC Barcelona,RCD Mallorca,2:04,CF,70,2:04,Perna esquerda,Alexis Sanchez
2012-2013,LaLiga,12,11/17/12,H,FC Barcelona,Real Zaragoza,3:01,CF,15,1:00,Perna esquerda,Jordi Alba
2012-2013,LaLiga,12,11/17/12,H,FC Barcelona,Real Zaragoza,3:01,CF,60,3:01,Perna esquerda,Marta Montoya
2012-2013,UEFA Champions League,Group Stage,11/20/12,A,FC Barcelona,Spartak Moscow,0:03,CF,27,0:02,Perna direita,
2012-2013,UEFA Champions League,Group Stage,11/20/12,A,FC Barcelona,Spartak Moscow,0:03,CF,39,0:03,Perna esquerda,Pedro
2012-2013,LaLiga,13,11/25/12,A,FC Barcelona,Levante UD,0:04,CF,46,0:01,Perna esquerda,Andres Iniesta
2012-2013,LaLiga,13,11/25/12,A,FC Barcelona,Levante UD,0:04,CF,51,0:02,Perna esquerda,Andres Iniesta
2012-2013,LaLiga,14,12-01/12,H,FC Barcelona,Athletic Bilbao,5:01,CF,24,2:00,Perna esquerda,Xavi
2012-2013,LaLiga,14,12-01/12,H,FC Barcelona,Athletic Bilbao,5:01,CF,69,5:01,Perna direita,Pedro
2012-2013,LaLiga,15,12/09/12,A,FC Barcelona,Real Betis Balompie,1:02,CF,16,0:01,Perna esquerda,Andres Iniesta
2012-2013,LaLiga,15,12/09/12,A,FC Barcelona,Real Betis Balompie,1:02,CF,25,0:02,Perna esquerda,Andres Iniesta
2012-2013,Copa del Rey,last 16,12/12/12,A,FC Barcelona,Córdoba CF,0:02,CF,10,0:01,Perna esquerda,David Villa
2012-2013,Copa del Rey,last 16,12/12/12,A,FC Barcelona,Córdoba CF,0:02,CF,73,0:02,Perna esquerda,Alexis Sanchez
2012-2013,LaLiga,16,12/16/12,H,FC Barcelona,Atletico de Madrid,4:01,CF,58,3:01,Perna esquerda,Alexis Sanchez
2012-2013,LaLiga,16,12/16/12,H,FC Barcelona,Atletico de Madrid,4:01,CF,88,4:01,Perna esquerda,
2012-2013,LaLiga,17,12/22/12,A,FC Barcelona,Real Valladolid CF,1:03,CF,59,0:02,Perna esquerda,Xavi
2012-2013,LaLiga,18,01/06-13,H,FC Barcelona,RCD Espanyol Barcelona,4:00,CF,28,4:00,Penalty,
2012-2013,LaLiga,19,1/13/13,A,FC Barcelona,Malaga CF,1:03,CF,26,0:01,Perna direita,
2012-2013,Copa del Rey,Quarter-Finals,1/16/13,H,FC Barcelona,Malaga CF,2:02,CF,29,1:01,Perna esquerda,
2012-2013,LaLiga,20,1/19/13,A,FC Barcelona,Real Sociedad,3:02,CF,6,0:01,Perna esquerda,Andres Iniesta
2012-2013,Copa del Rey,Quarter-Finals,1/24/13,A,FC Barcelona,Malaga CF,2:04,CF,79,2:04,Cabeça,Dani Alves
2012-2013,LaLiga,21,1/27/13,H,FC Barcelona,CA Osasuna,5:01,CF,11,1:00,Perna direita,Xavi
2012-2013,LaLiga,21,1/27/13,H,FC Barcelona,CA Osasuna,5:01,CF,28,2:01,Penalty,
2012-2013,LaLiga,21,1/27/13,H,FC Barcelona,CA Osasuna,5:01,CF,56,4:01,Perna esquerda,David Villa
2012-2013,LaLiga,21,1/27/13,H,FC Barcelona,CA Osasuna,5:01,CF,58,5:01,Perna esquerda,Adriano
2012-2013,LaLiga,22,02-03-13,A,FC Barcelona,Valencia CF,1:01,CF,39,1:01,Penalty,
2012-2013,LaLiga,23,02/10-13,H,FC Barcelona,Getafe CF,6:01,CF,13,2:00,Perna esquerda,Thiago
2012-2013,LaLiga,24,2/16/13,A,FC Barcelona,Granada CF,1:02,CF,49,1:01,Perna esquerda,
2012-2013,LaLiga,24,2/16/13,A,FC Barcelona,Granada CF,1:02,CF,72,1:02,Falta,
2012-2013,LaLiga,25,2/23/13,H,FC Barcelona,Sevilla FC,2:01,CF,60,2:01,Perna esquerda,Cristian Tello
2012-2013,LaLiga,26,03-02-13,A,FC Barcelona,Real Madrid,2:01,CF,18,1:01,Perna esquerda,Dani Alves
2012-2013,LaLiga,27,03/09-13,H,FC Barcelona,Deportivo de La Coruaa,2:00,CF,88,2:00,Perna esquerda,Alexis Sanchez
2012-2013,UEFA Champions League,last 16,03/12-13,H,FC Barcelona,AC Milan,4:00,CF,5,1:00,Perna esquerda,Xavi
2012-2013,UEFA Champions League,last 16,03/12-13,H,FC Barcelona,AC Milan,4:00,CF,40,2:00,Perna esquerda,Andres Iniesta
2012-2013,LaLiga,28,3/17/13,H,FC Barcelona,Rayo Vallecano,3:01,CF,40,2:00,Perna esquerda,David Villa
2012-2013,LaLiga,28,3/17/13,H,FC Barcelona,Rayo Vallecano,3:01,CF,57,3:00,Perna esquerda,David Villa
2012-2013,Eliminatórias,11,3/22/13,H,Argentina,Venezuela,3:00,CF,3:00,Penalty,
2012-2013,LaLiga,29,3/30/13,A,FC Barcelona,Celta de Vigo,2:02,CF ,73,1:02,Perna esquerda,Cristian Tello
2012-2013,UEFA Champions League,Quarter-Finals,04-02-13,A,FC Barcelona,Paris Saint-Germain,2:02,CF,38,0:01,Perna esquerda,Dani Alves
2012-2013,LaLiga,33,4/27/13,A,FC Barcelona,Athletic Bilbao,2:02,CF,67,1:01,Perna esquerda,Thiago
2012-2013,LaLiga,34,05/05-13,H,FC Barcelona,Real Betis Balompie,4:02,CF,60,3:02,Falta,
2012-2013,LaLiga,34,05/05-13,H,FC Barcelona,Real Betis Balompie,4:02,CF,71,4:02,Perna esquerda,Alexis Sanchez
2012-2013,Amistoso,Amistoso,6/14/13,A,Argentina,Guatemala,0:04,CF,15,0:01,Perna esquerda,Ezequiel Lavezzi
2012-2013,Amistoso,Amistoso,6/14/13,A,Argentina,Guatemala,0:04,CF,41,0:03,Penalty,
2012-2013,Amistoso,Amistoso,6/14/13,A,Argentina,Guatemala,0:04,CF,48,0:04,Perna esquerda,Augusto Fernandez
2013-2014,LaLiga,1,8/18/13,H,FC Barcelona,Levante UD,7:00,CF,13,2:00,Perna esquerda,Pedro
2013-2014,LaLiga,1,8/18/13,H,FC Barcelona,Levante UD,7:00,CF,42,5:00,Penalty,
2013-2014,LaLiga,3,09-01-13,A,FC Barcelona,Valencia CF,2:03,CF,11,0:01,Perna esquerda,Cesc Fabregas
2013-2014,LaLiga,3,09-01-13,A,FC Barcelona,Valencia CF,2:03,CF,39,0:02,Perna direita,Cesc Fabregas
2013-2014,LaLiga,3,09-01-13,A,FC Barcelona,Valencia CF,2:03,CF,41,0:03,Perna esquerda,Neymar
2013-2014,Eliminatórias,16,9/10/13,A,Argentina,Paraguai,CF,2:05,12,0:01,Penalty,
2013-2014,Eliminatórias,16,9/10/13,A,Argentina,Paraguai,CF,2:05,52,1:04,Penalty,
2013-2014,LaLiga,4,9/14/13,H,FC Barcelona,Sevilla FC,3:02,CF,75,2:00,Perna esquerda,Neymar
2013-2014,UEFA Champions League,Group Stage,9/18/13,H,FC Barcelona,Ajax Amsterdam,4:00,CF,22,1:00,Falta,
2013-2014,UEFA Champions League,Group Stage,9/18/13,H,FC Barcelona,Ajax Amsterdam,4:00,CF,55,2:00,Perna esquerda,Sergio Busquets
2013-2014,UEFA Champions League,Group Stage,9/18/13,H,FC Barcelona,Ajax Amsterdam,4:00,CF,75,4:00,Perna esquerda,Xavi
2013-2014,LaLiga,6,9/24/13,H,FC Barcelona,Real Sociedad,4:01,CF,8,2:00,Cabeça,Neymar
2013-2014,LaLiga,7,9/28/13,A,FC Barcelona,UD Almera,0:02,CF,21,0:01,Perna esquerda,Pedro
2013-2014,UEFA Champions League,Group Stage,10/22/13,A,FC Barcelona,AC Milan,1:01,CF,23,1:01,Perna esquerda,Andres Iniesta
2013-2014,UEFA Champions League,Group Stage,11/06-13,H,FC Barcelona,AC Milan,3:01,CF,30,1:00,Penalty,
2013-2014,UEFA Champions League,Group Stage,11/06-13,H,FC Barcelona,AC Milan,3:01,CF,83,3:01,Perna esquerda,Cesc Fabregas
2013-2014,Copa del Rey,last 16,01/08-14,H,FC Barcelona,Getafe CF,4:00,CF,90,3:00,Perna esquerda,Marta Montoya
2013-2014,Copa del Rey,last 16,01/08-14,H,FC Barcelona,Getafe CF,4:00,CF,90+2,4:00,Perna esquerda,Alex Song
2013-2014,Copa del Rey,last 16,1/16/14,A,FC Barcelona,Getafe CF,0:02,CF,43,0:01,Perna direita,Cristian Tello
2013-2014,Copa del Rey,last 16,1/16/14,A,FC Barcelona,Getafe CF,0:02,CF,63,0:02,Perna esquerda,
2013-2014,LaLiga,22,02-01-14,H,FC Barcelona,Valencia CF,2:03,CF,54,2:02,Penalty,
2013-2014,LaLiga,23,02/09-14,A,FC Barcelona,Sevilla FC,1:04,CF,44,1:02,Perna esquerda,Pedro
2013-2014,LaLiga,23,02/09-14,A,FC Barcelona,Sevilla FC,1:04,CF,56,1:03,Perna esquerda,Andres Iniesta
2013-2014,Copa del Rey,Semi-Finals,02/12-14,A,FC Barcelona,Real Sociedad,1:01,CF,26,0:01,Solo run,
2013-2014,LaLiga,24,2/15/14,H,FC Barcelona,Rayo Vallecano,6:00,CF,36,2:00,Perna esquerda,Cesc Fabregas
2013-2014,LaLiga,24,2/15/14,H,FC Barcelona,Rayo Vallecano,6:00,CF,68,5:00,Perna esquerda,Alexis Sanchez
2013-2014,UEFA Champions League,last 16,2/18/14,A,FC Barcelona,Manchester City,0:02,CF,54,0:01,Penalty,
2013-2014,LaLiga,25,2/22/14,A,FC Barcelona,Real Sociedad,3:01,CF,36,1:01,Perna esquerda,Marta Montoya
2013-2014,LaLiga,26,03-02-14,H,FC Barcelona,UD Almera,4:01,CF,24,2:00,Falta,
2013-2014,UEFA Champions League,last 16,03/12-14,H,FC Barcelona,Manchester City,2:01,CF,67,1:00,Perna esquerda,
2013-2014,LaLiga,28,3/16/14,H,FC Barcelona,CA Osasuna,7:00,CF,18,1:00,Perna esquerda,Alexis Sanchez
2013-2014,LaLiga,28,3/16/14,H,FC Barcelona,CA Osasuna,7:00,CF,63,4:00,Perna esquerda,Andres Iniesta
2013-2014,LaLiga,28,3/16/14,H,FC Barcelona,CA Osasuna,7:00,CF,88,6:00,Perna direita,Dani Alves
2013-2014,LaLiga,29,3/23/14,A,FC Barcelona,Real Madrid,3:04,CF,42,2:02,Perna esquerda,Neymar
2013-2014,LaLiga,29,3/23/14,A,FC Barcelona,Real Madrid,3:04,CF,65,3:03,Penalty,
2013-2014,LaLiga,29,3/23/14,A,FC Barcelona,Real Madrid,3:04,CF,84,3:04,Penalty,
2013-2014,LaLiga,30,3/26/14,H,FC Barcelona,Celta de Vigo,3:00,CF,30,2:00,Perna direita,Andres Iniesta
2013-2014,LaLiga,31,3/29/14,A,FC Barcelona,RCD Espanyol Barcelona,0:01,CF,77,0:01,Penalty,
2013-2014,LaLiga,32,2004-2005-14,H,FC Barcelona,Real Betis Balompie,3:01,CF,15,1:00,Penalty,
2013-2014,LaLiga,32,2004-2005-14,H,FC Barcelona,Real Betis Balompie,3:01,CF,86,3:01,Penalty rebound,Antonio A05a
2013-2014,LaLiga,34,4/20/14,H,FC Barcelona,Athletic Bilbao,2:01,CF,74,2:01,Falta,
2013-2014,LaLiga,35,4/27/14,A,FC Barcelona,Villarreal CF,2:03,CF,83,2:03,Perna direita,Cesc Fabregas
2013-2014,LaLiga,36,05-03-14,H,FC Barcelona,Getafe CF,2:02,CF,23,1:00,Perna esquerda,Dani Alves
2013-2014,Amistoso,Amistoso,6/07/14,H,Argentina,Eslovênia,2:00,CF,76,2:00,Perna esquerda,Sergio Aguero
2013-2014,Copa do Mundo,Fase de Grupos,6/15/14,A,Argentina,Bosnia e Herzegovina,1:02,RW,65,0:02,Perna esquerda,Gonzalo Higuain
2013-2014,Copa do Mundo,Fase de Grupos,6/21/14,A,Argentina,Irã,0:01,RW,90+1,Perna esquerda,
2013-2014,Copa do Mundo,Fase de Grupos,6/25/14,A,Argentina,Nigéria,2:03,RW,3,Perna esquerda,
2013-2014,Copa do Mundo,Fase de Grupos,6/25/14,A,Argentina,Nigéria,2:03,RW,45+1,Falta,
2014-2015,LaLiga,1,8/24/14,H,FC Barcelona,Elche CF,3:00,CF,42,1:00,Perna esquerda,Sergio Busquets
2014-2015,LaLiga,1,8/24/14,H,FC Barcelona,Elche CF,3:00,CF,64,3:00,Perna esquerda,
2014-2015,LaLiga,4,9/21/14,A,FC Barcelona,Levante UD,0:05,CF,77,0:05,Perna direita,
2014-2015,LaLiga,6,9/27/14,H,FC Barcelona,Granada CF,6:00,CF,62,4:00,Cabeça,Dani Alves
2014-2015,LaLiga,6,9/27/14,H,FC Barcelona,Granada CF,6:00,CF,82,6:00,Perna direita,
2014-2015,UEFA Champions League,Group Stage,9/30/14,A,FC Barcelona,Paris Saint-Germain,3:02,RW,12,1:01,Perna esquerda,Andres Iniesta
2014-2015,LaLiga,7,10-04-14,A,FC Barcelona,Rayo Vallecano,0:02,CF,35,0:01,Perna esquerda,Gerard Pique
2014-2015,Amistoso,Amistoso,10/14/14,A,Argentina,Hong Kong,0:07,RW,66,0:05,Perna esquerda,Ever Banega
2014-2015,Amistoso,Amistoso,10/14/14,A,Argentina,Hong Kong,0:07,RW,84,0:07,Perna esquerda,
2014-2015,LaLiga,8,10/18/14,H,FC Barcelona,SD Eibar,3:00,CF,74,3:00,Perna esquerda,Neymar
2014-2015,UEFA Champions League,Group Stage,10/21/14,H,FC Barcelona,Ajax Amsterdam,3:01,CF,24,2:00,Perna esquerda,Andres Iniesta
2014-2015,UEFA Champions League,Group Stage,11/05-14,A,FC Barcelona,Ajax Amsterdam,0:02,RW,36,0:01,Cabeça,Marc Bartra
2014-2015,UEFA Champions League,Group Stage,11/05-14,A,FC Barcelona,Ajax Amsterdam,0:02,RW,76,0:02,Perna esquerda,Pedro
2014-2015,Amistoso,Amistoso,11/12/14,A,Argentina,Croácia,1:02,CF,57,1:02,Penalty,
2014-2015,LaLiga,12,11/22/14,H,FC Barcelona,Sevilla FC,5:01,RW,21,1:00,Falta,
2014-2015,LaLiga,12,11/22/14,H,FC Barcelona,Sevilla FC,5:01,RW,73,4:01,Tap-in,Neymar
2014-2015,LaLiga,12,11/22/14,H,FC Barcelona,Sevilla FC,5:01,RW,78,5:01,Perna esquerda,Neymar
2014-2015,UEFA Champions League,Group Stage,11/25/14,A,FC Barcelona,APOEL Nicosia,0:04,CF ,38,0:02,Perna direita,Rafinha
2014-2015,UEFA Champions League,Group Stage,11/25/14,A,FC Barcelona,APOEL Nicosia,0:04,CF ,58,0:03,Perna direita,Dani Alves
2014-2015,UEFA Champions League,Group Stage,11/25/14,A,FC Barcelona,APOEL Nicosia,0:04,CF ,87,0:04,Perna direita,Pedro
2014-2015,LaLiga,14,12/07-14,H,FC Barcelona,RCD Espanyol Barcelona,5:01,RW,45+1,1:01,Perna esquerda,Xavi
2014-2015,LaLiga,14,12/07-14,H,FC Barcelona,RCD Espanyol Barcelona,5:01,RW,50,2:01,Perna direita,Luis Suarez
2014-2015,LaLiga,14,12/07-14,H,FC Barcelona,RCD Espanyol Barcelona,5:01,RW,81,5:01,Perna direita,Pedro
2014-2015,UEFA Champions League,Group Stage,12/10-14,H,FC Barcelona,Paris Saint-Germain,3:01,AM,19,1:01,Perna direita,Luis Suarez
2014-2015,LaLiga,16,12/20/14,H,FC Barcelona,Córdoba CF,5:00,RW,82,4:00,Perna direita,
2014-2015,LaLiga,16,12/20/14,H,FC Barcelona,Córdoba CF,5:00,RW,90,5:00,Perna direita,
2014-2015,Copa del Rey,last 16,01/08-15,H,FC Barcelona,Elche CF,5:00,RW ,45,3:00,Penalty,
2014-2015,LaLiga,18,01/11-15,H,FC Barcelona,Atletico de Madrid,3:01,RW,87,3:01,Perna esquerda,
2014-2015,LaLiga,19,1/18/15,A,FC Barcelona,Deportivo de La Coruaa,0:04,RW,11,0:01,Cabeça,Ivan Rakitic
2014-2015,LaLiga,19,1/18/15,A,FC Barcelona,Deportivo de La Coruaa,0:04,RW,33,0:02,Perna esquerda,Luis Suarez
2014-2015,LaLiga,19,1/18/15,A,FC Barcelona,Deportivo de La Coruaa,0:04,RW,62,0:03,Perna esquerda,Ivan Rakitic
2014-2015,Copa del Rey,Quarter-Finals,1/21/15,H,FC Barcelona,Atletico de Madrid,1:00,RW ,85,1:00,Penalty rebound,
2014-2015,LaLiga,20,1/24/15,A,FC Barcelona,Elche CF,0:06,CF,55,0:02,Penalty,
2014-2015,LaLiga,20,1/24/15,A,FC Barcelona,Elche CF,0:06,CF,88,0:05,Perna esquerda,Marc Bartra
2014-2015,LaLiga,21,02-01-15,H,FC Barcelona,Villarreal CF,3:02,RW,55,3:02,Perna direita,Luis Suarez
2014-2015,LaLiga,22,02/08-15,A,FC Barcelona,Athletic Bilbao,2:05,RW,15,0:01,Falta,
2014-2015,Copa del Rey,Semi-Finals,02/11-15,H,FC Barcelona,Villarreal CF,3:01,RW,41,1:00,Perna esquerda,Luis Suarez
2014-2015,LaLiga,23,2/15/15,H,FC Barcelona,Levante UD,5:00,CF,38,2:00,Perna direita,Marc Bartra
2014-2015,LaLiga,23,2/15/15,H,FC Barcelona,Levante UD,5:00,CF,59,3:00,Perna direita,Pedro
2014-2015,LaLiga,23,2/15/15,H,FC Barcelona,Levante UD,5:00,CF,65,4:00,Penalty,
2014-2015,LaLiga,25,2/28/15,A,FC Barcelona,Granada CF,1:03,RW,70,1:03,Perna direita,Luis Suarez
2014-2015,LaLiga,26,03/08-15,H,FC Barcelona,Rayo Vallecano,6:01,RW,56,3:00,Penalty,
2014-2015,LaLiga,26,03/08-15,H,FC Barcelona,Rayo Vallecano,6:01,RW,63,4:00,Tap-in,
2014-2015,LaLiga,26,03/08-15,H,FC Barcelona,Rayo Vallecano,6:01,RW,68,5:00,Perna esquerda,Pedro
2014-2015,LaLiga,27,3/2014-2015,A,FC Barcelona,SD Eibar,0:02,RW ,31,0:01,Penalty,
2014-2015,LaLiga,27,3/2014-2015,A,FC Barcelona,SD Eibar,0:02,RW ,55,0:02,Cabeça,Ivan Rakitic
2014-2015,LaLiga,30,04/08-15,H,FC Barcelona,UD Almera,4:00,RW,33,1:00,Perna esquerda,Marc Bartra
2014-2015,LaLiga,31,04/11-15,A,FC Barcelona,Sevilla FC,2:02,RW,15,0:01,Perna esquerda,Neymar
2014-2015,LaLiga,32,4/18/15,H,FC Barcelona,Valencia CF,2:00,RW,90+4,2:00,Perna esquerda,
2014-2015,LaLiga,33,4/25/15,A,FC Barcelona,RCD Espanyol Barcelona,0:02,RW,25,0:02,Perna esquerda,Luis Suarez
2014-2015,LaLiga,34,4/28/15,H,FC Barcelona,Getafe CF,6:00,RW,9,1:00,Penalty,
2014-2015,LaLiga,34,4/28/15,H,FC Barcelona,Getafe CF,6:00,RW,47,6:00,Perna esquerda,Luis Suarez
2014-2015,LaLiga,35,05-02-15,A,FC Barcelona,CÃƒÂ³rdoba CF,0:08,RW,47,0:03,Cabeça,Dani Alves
2014-2015,LaLiga,35,05-02-15,A,FC Barcelona,Córdoba CF,0:08,RW,80,0:06,Perna esquerda,Luis Suarez
2014-2015,UEFA Champions League,Semi-Finals,2005-2006-15,H,FC Barcelona,Bayern Munich,3:00,RW,77,1:00,Perna esquerda,Dani Alves
2014-2015,UEFA Champions League,Semi-Finals,2005-2006-15,H,FC Barcelona,Bayern Munich,3:00,RW,80,2:00,Perna direita,Ivan Rakitic
2014-2015,LaLiga,37,5/17/15,A,FC Barcelona,Atletico de Madrid,0:01,RW,65,0:01,Perna esquerda,Pedro
2014-2015,LaLiga,38,5/23/15,H,FC Barcelona,Deportivo de La Coruaa,2:02,RW,5,1:00,Cabeça,Rafinha
2014-2015,LaLiga,38,5/23/15,H,FC Barcelona,Deportivo de La Coruaa,2:02,RW,59,2:00,Perna direita,Neymar
2014-2015,Copa del Rey,Final,5/30/15,A,FC Barcelona,Athletic Bilbao,1:03,RW,20,0:01,Solo run,
2014-2015,Copa del Rey,Final,5/30/15,A,FC Barcelona,Athletic Bilbao,1:03,RW,74,0:03,Perna esquerda,Dani Alves
2014-2015,Copa América,Fase de grupos,6/13/15,A,Argentina,Paraguai,2:02,CF,35,0:02,Penalty,
2015-2016,UEFA Super Cup,Final,08/11-15,H,FC Barcelona,Sevilla FC,5:4 AET,RW,7,1:01,Falta,
2015-2016,UEFA Super Cup,Final,08/11-15,H,FC Barcelona,Sevilla FC,5:4 AET,RW,16,2:01,Falta,
2015-2016,Supercopa,final,8/17/15,H,FC Barcelona,Athletic Bilbao,1:01,RW,43,1:00,Perna esquerda,Luis Suarez
2015-2016,Amistoso,Amistoso,9/04/15,A,Argentina,Bolívia,0:07,CF,67,0:05,Cabeça,Milton Casco
2015-2016,Amistoso,Amistoso,9/04/15,A,Argentina,Bolívia,0:07,CF,75,0:07,Perna esquerda,Sergio Aguero
2015-2016,Amistoso,Amistoso,9/08/15,A,Argentina,México,2:02,CF,89,2:02,Perna esquerda,Sergio Aguero
2015-2016,LaLiga,3,09/12-15,A,FC Barcelona,Atletico de Madrid,1:02,RW,77,1:02,Perna esquerda,Luis Suarez
2015-2016,LaLiga,4,9/20/15,H,FC Barcelona,Levante UD,4:01,AM ,61,3:00,Penalty,
2015-2016,LaLiga,4,9/20/15,H,FC Barcelona,Levante UD,4:01,AM ,90,4:01,Perna esquerda,Marc Bartra
2015-2016,UEFA Champions League,Group Stage,11/24/15,H,FC Barcelona,AS Roma,6:01,RW ,18,2:00,Perna esquerda,Luis Suarez
2015-2016,UEFA Champions League,Group Stage,11/24/15,H,FC Barcelona,AS Roma,6:01,RW ,60,5:00,Tap-in,
2015-2016,LaLiga,13,11/28/15,H,FC Barcelona,Real Sociedad,4:00,RW,90+1,4:00,Perna esquerda,Neymar
2015-2016,UEFA Champions League,Group Stage,12/09-15,A,FC Barcelona,Bayer 04 Leverkusen,1:01,CF ,20,0:01,Perna direita,Ivan Rakitic
2015-2016,LaLiga,15,12/12-15,H,FC Barcelona,Deportivo de La Coruaa,2:02,RW,39,1:00,Falta,
2015-2016,FIFA Club World Cup,Final,12/20/15,A,FC Barcelona,CA River Plate,0:03,RW,36,0:01,Perna esquerda,Neymar
2015-2016,LaLiga,17,12/30/15,H,FC Barcelona,Real Betis Balompie,4:00,RW ,33,2:00,Perna direita,Neymar
2015-2016,Copa del Rey,last 16,01/06-16,H,FC Barcelona,RCD Espanyol Barcelona,4:01,RW,13,1:01,Perna esquerda,Andres Iniesta
2015-2016,Copa del Rey,last 16,01/06-16,H,FC Barcelona,RCD Espanyol Barcelona,4:01,RW,44,2:01,Falta,
2015-2016,LaLiga,19,01/09-16,H,FC Barcelona,Granada CF,4:00,RW ,8,1:00,Perna esquerda,Arda Turan
2015-2016,LaLiga,19,01/09-16,H,FC Barcelona,Granada CF,4:00,RW ,14,2:00,Perna esquerda,Luis Suarez
2015-2016,LaLiga,19,01/09-16,H,FC Barcelona,Granada CF,4:00,RW ,58,3:00,Tap-in,
2015-2016,LaLiga,20,1/17/16,H,FC Barcelona,Athletic Bilbao,6:00,RW,7,1:00,Penalty,
2015-2016,LaLiga,21,1/23/16,A,FC Barcelona,Malaga CF,1:02,RW,51,1:02,Perna esquerda,Adriano
2015-2016,LaLiga,22,1/30/16,H,FC Barcelona,Atletico de Madrid,2:01,RW,30,1:01,Perna esquerda,Jordi Alba
2015-2016,Copa del Rey,Semi-Finals,02-03-16,H,FC Barcelona,Valencia CF,7:00,RW,29,3:00,Perna esquerda,Neymar
2015-2016,Copa del Rey,Semi-Finals,02-03-16,H,FC Barcelona,Valencia CF,7:00,RW,59,4:00,Perna esquerda,Luis Suarez
2015-2016,Copa del Rey,Semi-Finals,02-03-16,H,FC Barcelona,Valencia CF,7:00,RW,74,5:00,Perna esquerda,
2015-2016,LaLiga,24,2/14/16,H,FC Barcelona,Celta de Vigo,6:01,RW,28,1:00,Falta,
2015-2016,LaLiga,16,2/17/16,A,FC Barcelona,Sporting Gijon,1:03,RW ,25,0:01,Perna esquerda,Luis Suarez
2015-2016,LaLiga,16,2/17/16,A,FC Barcelona,Sporting Gijon,1:03,RW ,31,1:02,Perna esquerda,Luis Suarez
2015-2016,UEFA Champions League,last 16,2/23/16,A,FC Barcelona,Arsenal FC,0:02,RW,71,0:01,Perna esquerda,Neymar
2015-2016,UEFA Champions League,last 16,2/23/16,A,FC Barcelona,Arsenal FC,0:02,RW,83,0:02,Penalty,
2015-2016,LaLiga,26,2/28/16,H,FC Barcelona,Sevilla FC,2:01,RW ,31,1:01,Falta,
2015-2016,LaLiga,27,03-03-16,A,FC Barcelona,Rayo Vallecano,1:05,RW,23,0:02,Perna esquerda,Neymar
2015-2016,LaLiga,27,03-03-16,A,FC Barcelona,Rayo Vallecano,1:05,RW,53,0:03,Perna esquerda,
2015-2016,LaLiga,27,03-03-16,A,FC Barcelona,Rayo Vallecano,1:05,RW,72,1:04,Perna esquerda,Sergio Busquets
2015-2016,LaLiga,28,03/06-16,A,FC Barcelona,SD Eibar,0:04,RW ,42,0:02,Perna esquerda,Munir El Haddadi
2015-2016,LaLiga,28,03/06-16,A,FC Barcelona,SD Eibar,0:04,RW ,76,0:03,Penalty,
2015-2016,LaLiga,29,03/12-16,H,FC Barcelona,Getafe CF,6:00,CF,41,4:00,Perna esquerda,Arda Turan
2015-2016,UEFA Champions League,last 16,3/16/16,H,FC Barcelona,Arsenal FC,3:01,RW,86,3:01,Perna esquerda,Neymar
2015-2016,Eliminatórias,6,3/29/16,H,Argentina,Bolívia,2:00,CF,29,2:00,Penalty,
2015-2016,LaLiga,33,4/17/16,H,FC Barcelona,Valencia CF,1:02,RW,63,1:02,Perna esquerda,Jordi Alba
2015-2016,LaLiga,34,4/20/16,A,FC Barcelona,Deportivo de La Coruaa,0:08,RW,73,0:06,Perna esquerda,Luis Suarez
2015-2016,LaLiga,35,4/23/16,H,FC Barcelona,Sporting Gijon,6:00,RW,13,1:00,Cabeça,
2015-2016,LaLiga,37,05/08-16,H,FC Barcelona,RCD Espanyol Barcelona,5:00,RW,8,1:00,Falta,
2015-2016,Copa América,Fase de grupos,6/10/16,A,Argentina,Panamá,0:05,RW,68,0:02,Perna esquerda,Gonzalo Higuain
2015-2016,Copa América,Fase de grupos,6/10/16,A,Argentina,Panamá,0:05,RW,78,0:03,Falta,
2015-2016,Copa América,Fase de grupos,6/10/16,A,Argentina,Panamá,0:05,RW,87,0:04,Perna esquerda,Marcos Rojo
2015-2016,Copa América,Quarter-Finals,6/18/16,A,Argentina,Venezuela,1:04,CF,60,0:03,Perna esquerda,Nico Gaitan
2015-2016,Copa América,Semi-Finals,6/21/16,A,Argentina,EUA,0:04,CF,32,0:03,Falta,
2016-2017,Supercopa,final,8/17/16,H,FC Barcelona,Sevilla FC,3:00,RW ,55,3:00,Cabeça,Lucas Digne
2016-2017,LaLiga,1,8/20/16,H,FC Barcelona,Real Betis Balompie,6:02,RW ,37,2:01,Perna esquerda,Sergi Roberto
2016-2017,LaLiga,1,8/20/16,H,FC Barcelona,Real Betis Balompie,6:02,RW ,58,5:01,Perna esquerda,Arda Turan
2016-2017,Eliminatórias,7,9/01/16,H,Argentina,Uruguai,1:00,CF,42,1:00,Perna esquerda,
2016-2017,UEFA Champions League,Group Stage,9/13/16,H,FC Barcelona,Celtic FC,7:00,RW ,3,1:00,Perna esquerda,Neymar
2016-2017,UEFA Champions League,Group Stage,9/13/16,H,FC Barcelona,Celtic FC,7:00,RW ,27,2:00,Perna esquerda,Neymar
2016-2017,UEFA Champions League,Group Stage,9/13/16,H,FC Barcelona,Celtic FC,7:00,RW ,60,5:00,Perna esquerda,Luis Suarez
2016-2017,LaLiga,4,9/17/16,A,FC Barcelona,CD Leganes,1:05,RW,15,0:01,Perna esquerda,Luis Suarez
2016-2017,LaLiga,4,9/17/16,A,FC Barcelona,CD Leganes,1:05,RW,55,0:04,Penalty,
2016-2017,LaLiga,8,10/2015-2016,H,FC Barcelona,Deportivo de La Coruaa,4:00,RW,58,4:00,Perna esquerda,Neymar
2016-2017,UEFA Champions League,Group Stage,10/19/16,H,FC Barcelona,Manchester City,4:00,RW,17,1:00,Perna esquerda,Andres Iniesta
2016-2017,UEFA Champions League,Group Stage,10/19/16,H,FC Barcelona,Manchester City,4:00,RW,61,2:00,Perna esquerda,Andres Iniesta
2016-2017,UEFA Champions League,Group Stage,10/19/16,H,FC Barcelona,Manchester City,4:00,RW,69,3:00,Perna esquerda,Luis Suarez
2016-2017,LaLiga,9,10/22/16,A,FC Barcelona,Valencia CF,2:03,RW,22,0:01,Perna esquerda,Ivan Rakitic
2016-2017,LaLiga,9,10/22/16,A,FC Barcelona,Valencia CF,2:03,RW,90+4,2:03,Penalty,
2016-2017,UEFA Champions League,Group Stage,11-01-16,A,FC Barcelona,Manchester City,3:01,RW ,21,0:01,Perna esquerda,Neymar
2016-2017,LaLiga,11,11/06-16,A,FC Barcelona,Sevilla FC,1:02,RW ,43,1:01,Perna esquerda,Neymar
2016-2017,Eliminatórias,12,11/15/16,H,Argentina,Colombia,3:00,RW,10,1:00,Falta,
2016-2017,UEFA Champions League,Group Stage,11/23/16,A,FC Barcelona,Celtic FC,0:02,RW ,24,0:01,Perna esquerda,Neymar
2016-2017,UEFA Champions League,Group Stage,11/23/16,A,FC Barcelona,Celtic FC,0:02,RW ,55,0:02,Penalty,
2016-2017,LaLiga,13,11/27/16,A,FC Barcelona,Real Sociedad,1:01,RW ,59,1:01,Perna esquerda,Neymar
2016-2017,UEFA Champions League,Group Stage,12/06-16,H,FC Barcelona,Borussia Mönchengladbach,4:00,RW,16,1:00,Perna esquerda,Arda Turan
2016-2017,LaLiga,15,12/10-16,A,FC Barcelona,CA Osasuna,0:03,RW,72,0:02,Perna esquerda,Jordi Alba
2016-2017,LaLiga,15,12/10-16,A,FC Barcelona,CA Osasuna,0:03,RW,90+2,0:03,Perna esquerda,Sergio Busquets
2016-2017,LaLiga,16,12/18/16,H,FC Barcelona,RCD Espanyol Barcelona,4:01,RW,90,4:01,Perna esquerda,Luis Suarez
2016-2017,Copa del Rey,last 16,01/05-17,A,FC Barcelona,Athletic Bilbao,2:01,RW,52,2:01,Falta,
2016-2017,LaLiga,17,01/08-17,A,FC Barcelona,Villarreal CF,1:01,RW,90,1:01,Falta,
2016-2017,Copa del Rey,last 16,01/11-17,H,FC Barcelona,Athletic Bilbao,3:01,RW,78,3:01,Falta,
2016-2017,LaLiga,18,1/14/17,H,FC Barcelona,UD Las Palmas,5:00,RW ,52,2:00,Perna direita,
2016-2017,LaLiga,19,1/22/17,A,FC Barcelona,SD Eibar,0:04,RW ,50,0:02,Perna esquerda,Luis Suarez
2016-2017,Copa del Rey,Quarter-Finals,1/26/17,H,FC Barcelona,Real Sociedad,5:02,RW ,55,2:00,Penalty,
2016-2017,Copa del Rey,Semi-Finals,02-01-17,A,FC Barcelona,Atletico de Madrid,1:02,RW ,33,0:02,Perna esquerda,Ivan Rakitic
2016-2017,LaLiga,21,02-04-17,H,FC Barcelona,Athletic Bilbao,3:00,RW ,40,2:00,Falta,
2016-2017,LaLiga,22,02/11-17,A,FC Barcelona,Deportivo Alaves,0:06,RW ,59,0:03,Perna esquerda,Neymar
2016-2017,LaLiga,23,2/19/17,H,FC Barcelona,CD Leganes,2:01,RW,4,1:00,Perna direita,Luis Suarez
2016-2017,LaLiga,23,2/19/17,H,FC Barcelona,CD Leganes,2:01,RW,90,2:01,Penalty,
2016-2017,LaLiga,24,2/26/17,A,FC Barcelona,Atletico de Madrid,1:02,RW,86,1:02,Perna esquerda,
2016-2017,LaLiga,25,03-01-17,H,FC Barcelona,Sporting Gijon,6:01,RW ,9,1:00,Cabeça,Javier Mascherano
2016-2017,LaLiga,26,03-04-17,H,FC Barcelona,Celta de Vigo,5:00,AM ,24,1:00,Perna esquerda,Sergio Busquets
2016-2017,LaLiga,26,03-04-17,H,FC Barcelona,Celta de Vigo,5:00,AM ,64,5:00,Perna esquerda,
2016-2017,UEFA Champions League,last 16,03/08-17,H,FC Barcelona,Paris Saint-Germain,6:01,AM,50,3:00,Penalty,
2016-2017,LaLiga,28,3/19/17,H,FC Barcelona,Valencia CF,4:02,AM,45,2:01,Penalty,
2016-2017,LaLiga,28,3/19/17,H,FC Barcelona,Valencia CF,4:02,AM,53,3:02,Perna direita,Javier Mascherano
2016-2017,Eliminatórias,13,3/23/17,H,Argentina,Chile,1:00,CF,10,1:00,Penalty,
2016-2017,LaLiga,30,2004-2005-17,H,FC Barcelona,Sevilla FC,3:00,RW,28,2:00,Perna direita,Luis Suarez
2016-2017,LaLiga,30,2004-2005-17,H,FC Barcelona,Sevilla FC,3:00,RW,33,3:00,Perna esquerda,
2016-2017,LaLiga,32,4/15/17,H,FC Barcelona,Real Sociedad,3:02,RW ,17,1:00,Perna esquerda,Luis Suarez
2016-2017,LaLiga,32,4/15/17,H,FC Barcelona,Real Sociedad,3:02,RW ,37,2:00,Tap-in,
2016-2017,LaLiga,33,4/23/17,A,FC Barcelona,Real Madrid,2:03,RW,33,1:01,Perna esquerda,Ivan Rakitic
2016-2017,LaLiga,33,4/23/17,A,FC Barcelona,Real Madrid,2:03,RW,90+2,2:03,Perna esquerda,Jordi Alba
2016-2017,LaLiga,34,4/26/17,H,FC Barcelona,CA Osasuna,7:01,AM ,12,1:00,Perna esquerda,
2016-2017,LaLiga,34,4/26/17,H,FC Barcelona,CA Osasuna,7:01,AM ,61,4:01,Perna esquerda,Ivan Rakitic
2016-2017,LaLiga,36,2005-2006-17,H,FC Barcelona,Villarreal CF,4:01,RW,45,2:01,Perna esquerda,Sergio Busquets
2016-2017,LaLiga,36,2005-2006-17,H,FC Barcelona,Villarreal CF,4:01,RW,82,4:01,Penalty,
2016-2017,LaLiga,38,5/21/17,H,FC Barcelona,SD Eibar,4:02,RW,75,3:02,Penalty,
2016-2017,LaLiga,38,5/21/17,H,FC Barcelona,SD Eibar,4:02,RW,90+2,4:02,Perna direita,
2016-2017,Copa del Rey,Final,5/27/17,H,FC Barcelona,Deportivo Alaves,3:01,RW,30,1:00,Perna esquerda,Neymar
2017-2018,Supercopa,final,8/13/17,H,FC Barcelona,Real Madrid,1:03,RW,77,1:01,Penalty,
2017-2018,LaLiga,2,8/26/17,A,FC Barcelona,Deportivo Alaves,0:02,CF,55,0:01,Perna esquerda,Jordi Alba
2017-2018,LaLiga,2,8/26/17,A,FC Barcelona,Deportivo Alaves,0:02,CF,66,0:02,Perna esquerda,Paco Alcacer
2017-2018,LaLiga,3,09/09-17,H,FC Barcelona,RCD Espanyol Barcelona,5:00,CF,26,1:00,Perna esquerda,Ivan Rakitic
2017-2018,LaLiga,3,09/09-17,H,FC Barcelona,RCD Espanyol Barcelona,5:00,CF,35,2:00,Perna direita,Jordi Alba
2017-2018,LaLiga,3,09/09-17,H,FC Barcelona,RCD Espanyol Barcelona,5:00,CF,67,3:00,Perna esquerda,Jordi Alba
2017-2018,UEFA Champions League,Group Stage,09/12-17,H,FC Barcelona,Juventus FC,3:00,CF,45,1:00,Perna esquerda,Luis Suarez
2017-2018,UEFA Champions League,Group Stage,09/12-17,H,FC Barcelona,Juventus FC,3:00,CF,69,3:00,Perna esquerda,
2017-2018,LaLiga,5,9/19/17,H,FC Barcelona,SD Eibar,6:01,CF,21,1:00,Penalty,
2017-2018,LaLiga,5,9/19/17,H,FC Barcelona,SD Eibar,6:01,CF,59,4:01,Perna esquerda,Sergio Busquets
2017-2018,LaLiga,5,9/19/17,H,FC Barcelona,SD Eibar,6:01,CF,62,5:01,Perna esquerda,Paulinho
2017-2018,LaLiga,5,9/19/17,H,FC Barcelona,SD Eibar,6:01,CF,87,6:01,Perna esquerda,Aleix Vidal
2017-2018,LaLiga,7,10-01-17,H,FC Barcelona,UD Las Palmas,3:00,SS,70,2:00,Perna esquerda,Denis Suarez
2017-2018,LaLiga,7,10-01-17,H,FC Barcelona,UD Las Palmas,3:00,SS,77,3:00,Perna esquerda,Luis Suarez
2017-2018,Eliminatórias,18,10/10/17,A,Argentina,Equador,1:03,CF,10,1:01,Perna esquerda,Angel di Maria
2017-2018,Eliminatórias,18,10/10/17,A,Argentina,Equador,1:03,CF,19,1:02,Perna esquerda,Angel Di Maria
2017-2018,Eliminatórias,18,10/10/17,A,Argentina,Equador,1:03,CF,62,1:03,Perna esquerda,
2017-2018,UEFA Champions League,Group Stage,10/18/17,H,FC Barcelona,Olympiacos Piraeus,3:01,CF,61,2:00,Falta,
2017-2018,LaLiga,10,10/28/17,A,FC Barcelona,Athletic Bilbao,0:02,SS ,37,0:01,Perna esquerda,Jordi Alba
2017-2018,LaLiga,14,12-02-17,H,FC Barcelona,Celta de Vigo,2:02,SS,22,1:01,Perna esquerda,Paulinho
2017-2018,LaLiga,15,12/10-17,A,FC Barcelona,Villarreal CF,0:02,RW ,83,0:02,Perna esquerda,Sergio Busquets
2017-2018,LaLiga,17,12/23/17,A,FC Barcelona,Real Madrid,0:03,SS,64,0:02,Penalty,
2017-2018,LaLiga,18,01/07-18,H,FC Barcelona,Levante UD,3:00,SS,12,1:00,Perna esquerda,Jordi Alba
2017-2018,Copa del Rey,last 16,01/11-18,H,FC Barcelona,Celta de Vigo,5:00,SS,13,1:00,Perna esquerda,Jordi Alba
2017-2018,Copa del Rey,last 16,01/11-18,H,FC Barcelona,Celta de Vigo,5:00,SS,15,2:00,Perna esquerda,Jordi Alba
2017-2018,LaLiga,19,1/14/18,A,FC Barcelona,Real Sociedad,2:04,SS ,85,2:04,Falta,
2017-2018,LaLiga,20,1/21/18,A,FC Barcelona,Real Betis Balompie,0:05,SS ,64,0:02,Perna esquerda,Sergio Busquets
2017-2018,LaLiga,20,1/21/18,A,FC Barcelona,Real Betis Balompie,0:05,SS ,80,0:04,Perna esquerda,Luis Suarez
2017-2018,Copa del Rey,Quarter-Finals,1/25/18,H,FC Barcelona,RCD Espanyol Barcelona,2:00,SS,25,2:00,Deflected shot on goal,
2017-2018,LaLiga,21,1/28/18,H,FC Barcelona,Deportivo Alaves,2:01,SS,84,2:01,Falta,
2017-2018,UEFA Champions League,last 16,2/20/18,A,FC Barcelona,Chelsea FC,1:01,SS,75,1:01,Perna esquerda,Andres Iniesta
2017-2018,LaLiga,25,2/24/18,H,FC Barcelona,Girona FC,6:01,SS ,30,2:01,Perna esquerda,Luis Suarez
2017-2018,LaLiga,25,2/24/18,H,FC Barcelona,Girona FC,6:01,SS ,36,3:01,Falta,
2017-2018,LaLiga,26,03-01-18,A,FC Barcelona,UD Las Palmas,1:01,SS,21,0:01,Falta,
2017-2018,LaLiga,27,03-04-18,H,FC Barcelona,Atletico de Madrid,1:00,SS,26,1:00,Falta,
2017-2018,UEFA Champions League,last 16,3/14/18,H,FC Barcelona,Chelsea FC,3:00,SS,3,1:00,Perna direita,Luis Suarez
2017-2018,UEFA Champions League,last 16,3/14/18,H,FC Barcelona,Chelsea FC,3:00,SS,63,3:00,Perna esquerda,Luis Suarez
2017-2018,LaLiga,29,3/18/18,H,FC Barcelona,Athletic Bilbao,2:00,SS ,30,2:00,Perna esquerda,Ousmane Dembele
2017-2018,LaLiga,30,3/31/18,A,FC Barcelona,Sevilla FC,2:02,RW,89,2:02,Perna esquerda,Philippe Coutinho
2017-2018,LaLiga,31,04/07-18,H,FC Barcelona,CD Leganes,3:01,SS ,27,1:00,Falta,
2017-2018,LaLiga,31,04/07-18,H,FC Barcelona,CD Leganes,3:01,SS ,32,2:00,Perna esquerda,Philippe Coutinho
2017-2018,LaLiga,31,04/07-18,H,FC Barcelona,CD Leganes,3:01,SS ,87,3:01,Perna esquerda,Ousmane Dembele
2017-2018,Copa del Rey,Final,4/21/18,A,FC Barcelona,Sevilla FC,0:05,SS,31,0:02,Perna esquerda,Jordi Alba
2017-2018,LaLiga,35,4/29/18,A,FC Barcelona,Deportivo de La Coruaa,2:04,CF ,38,0:02,Perna esquerda,Luis Suarez
2017-2018,LaLiga,35,4/29/18,A,FC Barcelona,Deportivo de La Coruaa,2:04,CF ,82,2:03,Perna direita,Luis Suarez
2017-2018,LaLiga,35,4/29/18,A,FC Barcelona,Deportivo de La Coruaa,2:04,CF ,85,2:04,Perna esquerda,Luis Suarez
2017-2018,LaLiga,36,2005-2006-18,H,FC Barcelona,Real Madrid,2:02,SS,52,2:01,Perna esquerda,Luis Suarez
2017-2018,LaLiga,34,05/09-18,H,FC Barcelona,Villarreal CF,5:01,CF,45,3:00,Perna esquerda,Andres Iniesta
2017-2018,Amistoso,Amistoso,5/29/18,H,Argentina,Haiti,4:00,CF,18,1:00,Penalty,
2017-2018,Amistoso,Amistoso,5/29/18,H,Argentina,Haiti,4:00,CF,57,2:00,Perna direita,
2017-2018,Amistoso,Amistoso,5/29/18,H,Argentina,Haiti,4:00,CF,66,3:00,Perna esquerda,Cristian Pavon
2017-2018,Copa do Mundo,Fase de grupos,6/26/18,A,Argentina,Nigéria,1:02,CF,14,0:01,Perna direita,Ever Banega
2018-2019,LaLiga,1,8/18/18,H,FC Barcelona,Deportivo Alaves,3:00,RW ,64,1:00,Falta,
2018-2019,LaLiga,1,8/18/18,H,FC Barcelona,Deportivo Alaves,3:00,RW ,90+2,3:00,Perna esquerda,Luis Suarez
2018-2019,LaLiga,3,09-02-18,H,FC Barcelona,SD Huesca,8:02,RW ,16,1:01,Perna direita,Ivan Rakitic
2018-2019,LaLiga,3,09-02-18,H,FC Barcelona,SD Huesca,8:02,RW ,61,6:02,Perna esquerda,Philippe Coutinho
2018-2019,UEFA Champions League,Group Stage,9/18/18,H,FC Barcelona,PSV Eindhoven,4:00,RW ,31,1:00,Falta,
2018-2019,UEFA Champions League,Group Stage,9/18/18,H,FC Barcelona,PSV Eindhoven,4:00,RW ,77,3:00,Perna esquerda,Ivan Rakitic
2018-2019,UEFA Champions League,Group Stage,9/18/18,H,FC Barcelona,PSV Eindhoven,4:00,RW ,87,4:00,Perna direita,Luis Suarez
2018-2019,LaLiga,5,9/23/18,H,FC Barcelona,Girona FC,2:02,RW ,19,1:00,Perna esquerda,Arturo Vidal
2018-2019,UEFA Champions League,Group Stage,10-03-18,A,FC Barcelona,Tottenham Hotspur,2:04,RW ,56,1:03,Perna esquerda,Jordi Alba
2018-2019,UEFA Champions League,Group Stage,10-03-18,A,FC Barcelona,Tottenham Hotspur,2:04,RW ,90,2:04,Perna esquerda,Jordi Alba
2018-2019,LaLiga,8,10/07-18,A,FC Barcelona,Valencia CF,1:01,RW ,23,1:01,Perna esquerda,Luis Suarez
2018-2019,LaLiga,9,10/20/18,H,FC Barcelona,Sevilla FC,4:02,RW ,12,2:00,Perna esquerda,Luis Suarez
2018-2019,LaLiga,12,11/11-18,H,FC Barcelona,Real Betis Balompie,3:04,SS ,68,1:02,Penalty,
2018-2019,LaLiga,12,11/11-18,H,FC Barcelona,Real Betis Balompie,3:04,SS ,90+4,3:04,Perna esquerda,Arturo Vidal
2018-2019,UEFA Champions League,Group Stage,11/28/18,A,FC Barcelona,PSV Eindhoven,1:02,CF ,61,0:01,Perna esquerda,Ousmane Dembele
2018-2019,LaLiga,15,12/08-18,A,FC Barcelona,RCD Espanyol Barcelona,0:04,RW ,17,0:01,Falta,
2018-2019,LaLiga,15,12/08-18,A,FC Barcelona,RCD Espanyol Barcelona,0:04,RW ,65,0:04,Falta,
2018-2019,LaLiga,16,12/16/18,A,FC Barcelona,Levante UD,0:05,SS ,43,0:02,Perna direita,Sergio Busquets
2018-2019,LaLiga,16,12/16/18,A,FC Barcelona,Levante UD,0:05,SS ,47,0:03,Perna esquerda,
2018-2019,LaLiga,16,12/16/18,A,FC Barcelona,Levante UD,0:05,SS ,60,0:04,Perna esquerda,Arturo Vidal
2018-2019,LaLiga,17,12/22/18,H,FC Barcelona,Celta de Vigo,2:00,RW ,45,2:00,Perna esquerda,Jordi Alba
2018-2019,LaLiga,18,01/06-19,A,FC Barcelona,Getafe CF,1:02,RW ,20,0:01,Perna esquerda,
2018-2019,LaLiga,19,1/13/19,H,FC Barcelona,SD Eibar,3:00,RW ,53,2:00,Perna esquerda,Luis Suarez
2018-2019,Copa del Rey,last 16,1/17/19,H,FC Barcelona,Levante UD,3:00,CF ,54,3:00,Perna esquerda,Nelson Semedo
2018-2019,LaLiga,20,1/20/19,H,FC Barcelona,CD Leganes,3:01,SS,90+2,3:01,Perna direita,Jordi Alba
2018-2019,LaLiga,21,1/27/19,A,FC Barcelona,Girona FC,0:02,RW ,69,0:02,Perna esquerda,Jordi Alba
2018-2019,Copa del Rey,Quarter-Finals,1/30/19,H,FC Barcelona,Sevilla FC,6:01,RW ,90+2,6:01,Perna esquerda,Jordi Alba
2018-2019,LaLiga,22,02-02-19,H,FC Barcelona,Valencia CF,2:02,RW ,39,1:02,Penalty,
2018-2019,LaLiga,22,02-02-19,H,FC Barcelona,Valencia CF,2:02,RW ,64,2:02,Perna esquerda,Arturo Vidal
2018-2019,LaLiga,24,2/16/19,H,FC Barcelona,Real Valladolid CF,1:00,RW ,43,1:00,Penalty,
2018-2019,LaLiga,25,2/23/19,A,FC Barcelona,Sevilla FC,2:04,RW ,26,1:01,Perna esquerda,Ivan Rakitic
2018-2019,LaLiga,25,2/23/19,A,FC Barcelona,Sevilla FC,2:04,RW ,67,2:02,Perna direita,Ousmane Dembele
2018-2019,LaLiga,25,2/23/19,A,FC Barcelona,Sevilla FC,2:04,RW ,85,2:03,Perna esquerda,
2018-2019,LaLiga,27,03/09-19,H,FC Barcelona,Rayo Vallecano,3:01,RW ,51,2:01,Penalty,
2018-2019,UEFA Champions League,last 16,3/13/19,H,FC Barcelona,Olympique Lyon,5:01,RW ,18,1:00,Penalty,
2018-2019,UEFA Champions League,last 16,3/13/19,H,FC Barcelona,Olympique Lyon,5:01,RW ,78,3:01,Perna direita,Sergio Busquets
2018-2019,LaLiga,28,3/17/19,A,FC Barcelona,Real Betis Balompie,1:04,SS ,18,0:01,Falta,
2018-2019,LaLiga,28,3/17/19,A,FC Barcelona,Real Betis Balompie,1:04,SS ,45+2,0:02,Perna esquerda,Luis Suarez
2018-2019,LaLiga,28,3/17/19,A,FC Barcelona,Real Betis Balompie,1:04,SS ,85,1:04,Perna esquerda,Ivan Rakitic
2018-2019,LaLiga,29,3/30/19,H,FC Barcelona,RCD Espanyol Barcelona,2:00,RW ,71,1:00,Falta,
2018-2019,LaLiga,29,3/30/19,H,FC Barcelona,RCD Espanyol Barcelona,2:00,RW ,89,2:00,Perna esquerda,Malcom
2018-2019,LaLiga,30,04-02-19,A,FC Barcelona,Villarreal CF,4:04,RW,90,4:03,Falta,
2018-2019,LaLiga,31,04/06-19,H,FC Barcelona,Atletico de Madrid,2:00,SS ,87,2:00,Perna esquerda,
2018-2019,UEFA Champions League,Quarter-Finals,4/16/19,H,FC Barcelona,Manchester United,3:00,RW ,16,1:00,Perna esquerda,
2018-2019,UEFA Champions League,Quarter-Finals,4/16/19,H,FC Barcelona,Manchester United,3:00,RW ,20,2:00,Perna direita,
2018-2019,LaLiga,35,4/27/19,H,FC Barcelona,Levante UD,1:00,RW,62,1:00,Perna esquerda,Arturo Vidal
2018-2019,UEFA Champions League,Semi-Finals,05-01-19,H,FC Barcelona,Liverpool FC,3:00,RW ,75,2:00,Perna esquerda,Luis Suarez
2018-2019,UEFA Champions League,Semi-Finals,05-01-19,H,FC Barcelona,Liverpool FC,3:00,RW ,82,3:00,Falta,
2018-2019,LaLiga,38,5/19/19,A,FC Barcelona,SD Eibar,2:02,CF ,31,1:01,Perna esquerda,Arturo Vidal
2018-2019,LaLiga,38,5/19/19,A,FC Barcelona,SD Eibar,2:02,CF ,32,1:02,Perna esquerda,Ivan Rakitic
2018-2019,Copa del Rey,Final,5/25/19,H,FC Barcelona,Valencia CF,1:02,CF ,73,1:02,Perna esquerda,Clement Lenglet
2018-2019,Amistoso,Amistoso,6/07/19,H,Argentina,Nicaragua,5:01,CF,36,1:00,Perna esquerda,Giovani Lo Celso
2018-2019,Amistoso,Amistoso,6/07/19,H,Argentina,Nicaragua,5:01,CF,38,2:00,Perna esquerda,
2018-2019,Copa América,Fase de grupos,6/19/19,A,Argentina,Paraguai,1:01,CF,56,1:01,Penalty,
2019-2020,LaLiga,8,10/06-19,H,FC Barcelona,Sevilla FC,4:00,RW ,78,4:00,Falta,
2019-2020,LaLiga,9,10/19/19,A,FC Barcelona,SD Eibar,0:03,RW ,58,0:02,Perna esquerda,Antoine Griezmann
2019-2020,UEFA Champions League,Group Stage,10/23/19,A,FC Barcelona,SK Slavia Prague,1:02,RW ,3,0:01,Perna esquerda,Arthur
2019-2020,LaLiga,11,10/29/19,H,FC Barcelona,Real Valladolid CF,5:01,RW ,34,3:01,Falta,
2019-2020,LaLiga,11,10/29/19,H,FC Barcelona,Real Valladolid CF,5:01,RW ,75,4:01,Perna esquerda,Ivan Rakitic
2019-2020,LaLiga,12,11-02-19,A,FC Barcelona,Levante UD,3:01,RW ,38,0:01,Penalty,
2019-2020,LaLiga,13,11/09-19,H,FC Barcelona,Celta de Vigo,4:01,RW ,23,1:00,Penalty,
2019-2020,LaLiga,13,11/09-19,H,FC Barcelona,Celta de Vigo,4:01,RW ,45+1,2:01,Falta,
2019-2020,LaLiga,13,11/09-19,H,FC Barcelona,Celta de Vigo,4:01,RW ,48,3:01,Falta,
2019-2020,Amistoso,Amistoso,11/15/19,A,Argentina,Brasil,0:01,CF,13,0:01,Rebote de penalti,
2019-2020,Amistoso,Amistoso,11/18/19,A,Argentina,Uruguai,2:02,CF,90+1,2:02,Penalty,
2019-2020,UEFA Champions League,Group Stage,11/27/19,H,FC Barcelona,Borussia Dortmund,3:01,RW ,33,2:00,Perna esquerda,Luis Suarez
2019-2020,LaLiga,15,12-01-19,A,FC Barcelona,Atletico de Madrid,0:01,RW ,86,0:01,Perna esquerda,Luis Suarez
2019-2020,LaLiga,16,12/07-19,H,FC Barcelona,RCD Mallorca,5:02,RW ,17,2:00,Perna esquerda,Antoine Griezmann
2019-2020,LaLiga,16,12/07-19,H,FC Barcelona,RCD Mallorca,5:02,RW ,41,3:01,Perna esquerda,Ivan Rakitic
2019-2020,LaLiga,16,12/07-19,H,FC Barcelona,RCD Mallorca,5:02,RW ,83,5:02,Perna esquerda,Luis Suarez
2019-2020,LaLiga,18,12/21/19,H,FC Barcelona,Deportivo Alaves,4:01,RW ,69,3:01,Perna esquerda,Luis Suarez
2019-2020,Supercopa,Semi-Finals,01/09-20,H,FC Barcelona,Atletico de Madrid,2:03,RW ,51,1:01,Perna direita,Luis Suarez
2019-2020,LaLiga,20,1/2019-2020,H,FC Barcelona,Granada CF,1:00,CF ,76,1:00,Perna direita,Arturo Vidal
2019-2020,Copa del Rey,Round of 16,1/30/20,H,FC Barcelona,CD Leganes,5:00,RW ,59,3:00,Perna esquerda,Frenkie de Jong
2019-2020,Copa del Rey,Round of 16,1/30/20,H,FC Barcelona,CD Leganes,5:00,RW ,89,5:00,Perna esquerda,Ivan Rakitic
2019-2020,LaLiga,25,2/22/20,H,FC Barcelona,SD Eibar,5:00,SS ,14,1:00,Perna esquerda,Ivan Rakitic
2019-2020,LaLiga,25,2/22/20,H,FC Barcelona,SD Eibar,5:00,SS ,37,2:00,Perna esquerda,Arturo Vidal
2019-2020,LaLiga,25,2/22/20,H,FC Barcelona,SD Eibar,5:00,SS ,40,3:00,Perna esquerda,
2019-2020,LaLiga,25,2/22/20,H,FC Barcelona,SD Eibar,5:00,SS ,87,4:00,Perna esquerda,
2019-2020,LaLiga,27,03/07-20,H,FC Barcelona,Real Sociedad,1:00,CF ,81,1:00,Penalty,
2019-2020,LaLiga,28,6/13/20,A,FC Barcelona,RCD Mallorca,0:04,RW ,90+3,0:04,Perna direita,Luis Suarez
2019-2020,LaLiga,29,6/16/20,H,FC Barcelona,CD Leganes,2:00,RW ,69,2:00,Penalty,
2019-2020,LaLiga,33,6/30/20,H,FC Barcelona,Atletico de Madrid,2:02,SS ,50,2:01,Penalty,
2019-2020,LaLiga,37,7/16/20,H,FC Barcelona,CA Osasuna,1:02,RW ,62,1:01,Falta,
2019-2020,LaLiga,38,7/2019-2020,A,FC Barcelona,Deportivo Alaves,0:05,RW ,34,0:02,Perna esquerda,Riqui Puig
2019-2020,LaLiga,38,7/2019-2020,A,FC Barcelona,Deportivo Alaves,0:05,RW ,75,0:05,Perna esquerda,Jordi Alba
2019-2020,UEFA Champions League,last 16,08/08-20,H,FC Barcelona,SSC Napoli,3:01,SS ,23,2:00,Perna esquerda,
2020-2021,LaLiga,3,9/27/20,H,FC Barcelona,Villarreal CF,4:00,CF ,35,3:00,Penalty,
2020-2021,Eliminatórias,1,10/08/20,H,Argentina,Equador,1:00,CF,13,1:00,Penalty,
2020-2021,UEFA Champions League,Group Stage,10/20/20,H,FC Barcelona,Ferencvarosi TC,5:01,CF ,27,1:00,Penalty,
2020-2021,UEFA Champions League,Group Stage,10/28/20,A,FC Barcelona,Juventus FC,0:02,CF ,90+1,0:02,Penalty,
2020-2021,UEFA Champions League,Group Stage,11-04-20,H,FC Barcelona,Dynamo Kyiv,2:01,RW ,5,1:00,Penalty,
2020-2021,LaLiga,9,11/07-20,H,FC Barcelona,Real Betis Balompie,5:02,CF,61,3:01,Penalty,
2020-2021,LaLiga,9,11/07-20,H,FC Barcelona,Real Betis Balompie,5:02,CF,82,4:02,Perna esquerda,Sergi Roberto
2020-2021,LaLiga,11,11/29/20,H,FC Barcelona,CA Osasuna,4:00,RW ,73,4:00,Perna esquerda,Francisco Trincão
2020-2021,LaLiga,13,12/13/20,H,FC Barcelona,Levante UD,1:00,CF ,76,1:00,Perna esquerda,Frenkie de Jong
2020-2021,LaLiga,14,12/2019-2020,H,FC Barcelona,Valencia CF,2:02,CF ,45+4,1:01,Cabeça,
2020-2021,LaLiga,15,12/22/20,A,FC Barcelona,Real Valladolid CF,0:03,AM ,65,0:03,Perna esquerda,Pedri
2020-2021,LaLiga,2,01/06-21,A,FC Barcelona,Athletic Bilbao,2:03,CF ,38,1:02,Perna esquerda,Pedri
2020-2021,LaLiga,2,01/06-21,A,FC Barcelona,Athletic Bilbao,2:03,CF ,62,1:03,Perna esquerda,Antoine Griezmann
2020-2021,LaLiga,18,01/09-21,A,FC Barcelona,Granada CF,0:04,CF ,35,0:02,Perna esquerda,Antoine Griezmann
2020-2021,LaLiga,18,01/09-21,A,FC Barcelona,Granada CF,0:04,CF ,42,0:03,Falta,
2020-2021,Copa del Rey,Round of 16,1/27/21,A,FC Barcelona,Rayo Vallecano,1:02,CF ,69,1:01,Perna esquerda,Antoine Griezmann
2020-2021,LaLiga,21,1/31/21,H,FC Barcelona,Athletic Bilbao,2:01,CF ,20,1:00,Falta,
2020-2021,LaLiga,22,02/07-21,A,FC Barcelona,Real Betis Balompie,2:03,CF,59,1:01,Perna esquerda,Ousmane Dembele
2020-2021,LaLiga,23,2/13/21,H,FC Barcelona,Deportivo Alaves,5:01,CF ,45+1,2:00,Perna esquerda,Sergio Busquets
2020-2021,LaLiga,23,2/13/21,H,FC Barcelona,Deportivo Alaves,5:01,CF ,75,4:01,Perna esquerda,Antoine Griezmann
2020-2021,UEFA Champions League,last 16,2/16/21,H,FC Barcelona,Paris Saint-Germain,1:04,CF ,27,1:00,Penalty,
2020-2021,LaLiga,24,2/21/21,H,FC Barcelona,Cadiz CF,1:01,CF ,32,1:00,Penalty,
2020-2021,LaLiga,1,2/24/21,H,FC Barcelona,Elche CF,3:00,CF ,48,1:00,Perna esquerda,Martin Braithwaite
2020-2021,LaLiga,1,2/24/21,H,FC Barcelona,Elche CF,3:00,CF ,68,2:00,Perna esquerda,Frenkie de Jong
2020-2021,LaLiga,25,2/27/21,A,FC Barcelona,Sevilla FC,0:02,CF ,85,0:02,Perna direita,Ilaix Moriba
2020-2021,UEFA Champions League,last 16,03/10-21,A,FC Barcelona,Paris Saint-Germain,1:01,SS ,37,1:01,Long distance kick,Pedri
2020-2021,LaLiga,27,3/15/21,H,FC Barcelona,SD Huesca,4:01,SS ,13,1:00,Perna esquerda,Sergio Busquets
2020-2021,LaLiga,27,3/15/21,H,FC Barcelona,SD Huesca,4:01,SS ,90,4:01,Perna esquerda,Francisco Trincão
2020-2021,LaLiga,28,3/21/21,A,FC Barcelona,Real Sociedad,1:06,SS ,56,0:04,Perna esquerda,Sergio Busquets
2020-2021,LaLiga,28,3/21/21,A,FC Barcelona,Real Sociedad,1:06,SS ,89,1:06,Perna esquerda,Jordi Alba
2020-2021,Copa del Rey,Final,4/17/21,A,FC Barcelona,Athletic Bilbao,0:04,CF ,68,0:03,Perna esquerda,Frenkie de Jong
2020-2021,Copa del Rey,Final,4/17/21,A,FC Barcelona,Athletic Bilbao,0:04,CF ,72,0:04,Perna esquerda,Jordi Alba
2020-2021,LaLiga,31,4/22/21,H,FC Barcelona,Getafe CF,5:02,CF ,8,1:00,Perna esquerda,Sergio Busquets
2020-2021,LaLiga,31,4/22/21,H,FC Barcelona,Getafe CF,5:02,CF ,33,3:01,Perna esquerda,
2020-2021,LaLiga,33,4/29/21,H,FC Barcelona,Granada CF,1:02,CF ,23,1:00,Perna esquerda,Antoine Griezmann
2020-2021,LaLiga,34,05-02-21,A,FC Barcelona,Valencia CF,2:03,CF ,57,1:01,Perna esquerda,
2020-2021,LaLiga,34,05-02-21,A,FC Barcelona,Valencia CF,2:03,CF ,69,1:03,Falta,
2020-2021,LaLiga,36,05/11-21,A,FC Barcelona,Levante UD,3:03,SS ,25,0:01,Perna esquerda,
2020-2021,LaLiga,37,5/16/21,H,FC Barcelona,Celta de Vigo,1:02,SS ,28,1:00,Cabeça,Sergio Busquets
2020-2021,Eliminatórias,7,6/03/21,H,Argentina,Chile,1:01,CF,23,1:00,Penalty,
2020-2021,Copa América,Fase de grupos,6/14/21,A,Argentina,Chile,1:01,CF,33,0:01,Falta,
2020-2021,Copa América,Fase de grupos,6/28/21,A,Argentina,Bolivia,1:04,CF,33,0:02,Penalty,
2020-2021,Copa América,Fase de grupos,6/28/21,A,Argentina,Bolivia,1:04,CF,42,:0:03,Perna esquerda,Sergio Aguero
2020-2021,Copa América,Quarter-Finals,7/03/21,A,Argentina,Equador,0:03,CF,90+3,0:03,Falta,
2021-2022,Eliminatórias,10,9/09/21,H,Argentina,Bolivia,3:00,CF,13,1:00,Perna esquerda,Leandro Paredes
2021-2022,Eliminatórias,10,9/09/21,H,Argentina,Bolivia,3:00,CF,64,2:00,Perna direita,Lautaro Martinez
2021-2022,Eliminatórias,10,9/09/21,H,Argentina,Bolivia,3:00,CF,88,3:00,Perna esquerda,
2021-2022,UEFA Champions League,Group Stage,9/28/21,H,Paris Saint-Germain,Manchester City,2:00,RW,74,2:00,Perna esquerda,Kylian Mbappe
2021-2022,Eliminatórias,5,10/10/21,H,Argentina,Uruguai,3:00,RW,38,1:00,Perna esquerda,
2021-2022,UEFA Champions League,Group Stage,10/19/21,H,Paris Saint-Germain,RB Leipzig,3:02,RW,67,2:02,Perna esquerda,Kylian Mbappe
2021-2022,UEFA Champions League,Group Stage,10/19/21,H,Paris Saint-Germain,RB Leipzig,3:02,RW,74,3:02,Penalty,
2021-2022,Ligue 1,14,11/2020-2021,H,Paris Saint-Germain,FC Nantes,3:01,RW,87,3:01,Perna esquerda,Kylian Mbappe
2021-2022,UEFA Champions League,Group Stage,12/07-21,H,Paris Saint-Germain,Club Brugge KV,4:01,CF,38,3:00,Perna esquerda,Kylian Mbappe
2021-2022,UEFA Champions League,Group Stage,12/07-21,H,Paris Saint-Germain,Club Brugge KV,4:01,CF,76,4:01,Penalty,
2021-2022,Ligue 1,23,02/06-22,A,Paris Saint-Germain,LOSC Lille,1:05,CF,38,1:03,Perna esquerda,
2021-2022,Eliminatórias,17,3/25/22,H,Argentina,Venezuela,3:00,CF,81,3:00,Perna direita,Angel di Maria
2021-2022,Ligue 1,30,04-03-22,H,Paris Saint-Germain,FC Lorient,5:01,RW,73,4:01,Perna esquerda,Kylian Mbappe
2021-2022,Ligue 1,34,4/23/22,H,Paris Saint-Germain,RC Lens,1:01,RW,68,1:00,Perna esquerda,Neymar
2021-2022,Ligue 1,37,5/14/22,A,Paris Saint-Germain,Montpellier,0:04,CF,6,0:01,Perna esquerda,Kylian Mbappe
2021-2022,Ligue 1,37,5/14/22,A,Paris Saint-Germain,Montpellier,0:04,CF,20,0:02,Perna esquerda,Kylian Mbappe
2021-2022,Amistoso,Amistoso,6/05/22,A,Argentina,Estonia,0:05,CF,8,0:01,Penalty,
2021-2022,Amistoso,Amistoso,6/05/22,A,Argentina,Estonia,0:05,CF,45,0:02,Perna esquerda,Alejandro Gomez
2021-2022,Amistoso,Amistoso,6/05/22,A,Argentina,Estonia,0:05,CF,47,0:03,Perna esquerda,Nahuel Molina
2021-2022,Amistoso,Amistoso,6/05/22,A,Argentina,Estonia,0:05,CF,71,0:04,Perna direita,
2021-2022,Amistoso,Amistoso,6/05/22,A,Argentina,Estonia,0:05,CF,75,0:05,Perna esquerda,
2022-2023,Trophée des Champions,Final,7/31/22,H,Paris Saint-Germain,FC Nantes,4:00,CF,22,1:00,Perna direita,
2022-2023,Ligue 1,1,08/06-22,A,Paris Saint-Germain,Clermont Foot,0:05,CF,80,0:04,Perna esquerda,Neymar
2022-2023,Ligue 1,1,08/06-22,A,Paris Saint-Germain,Clermont Foot,0:05,CF,86,0:05,Perna esquerda,Leandro Paredes
2022-2023,Supercopa Francesa,Final,7/31/22,H,Paris Saint-Germain,FC Nantes,4:00,CF,22,1:00,Perna direita,
2022-2023,Ligue 1,1,08/06-22,A,Paris Saint-Germain,Clermont Foot,0:05,CF,80,0:04,Perna esquerda,Neymar
2022-2023,Ligue 1,1,08/06-22,A,Paris Saint-Germain,Clermont Foot,0:05,CF,86,0:05,Perna esquerda,Leandro Paredes
2022-2023,Ligue 1,3,8/2021-2022,A,Paris Saint-Germain,LOSC Lille,1:07,AM,27,0:02,Perna direita,Nuno Mendes
2022-2023,Champions League,Group Stage,9/14/22,A,Paris Saint-Germain,Maccabi Haifa,1:03,SS,37,1:01,Perna esquerda,
2022-2023,Ligue 1,8,9/18/22,A,Paris Saint-Germain,Olympique Lyon,0:01,AM,5,0:01,Perna esquerda,Neymar
2022-2023,Amistoso,Amistoso,9/23/22,A,Argentina,Honduras,0:03,CF,45+2,0:02,Penalty,
2022-2023,Amistoso,Amistoso,9/23/22,A,Argentina,Honduras,0:03,CF,69,0:03,Perna esquerda,Enzo Fernandez
2022-2023,Amistoso,Amistoso,9/27/22,A,Argentina,Jamaica,0:03,CF,86,0:02,Perna esquerda,
2022-2023,Amistoso,Amistoso,9/27/22,A,Argentina,Jamaica,0:03,CF,89,0:03,Falta,
2022-2023,Ligue 1,9,10/1/22,H,Paris Saint-Germain,OGC Nice,2:1,AM,28,1:0,Falta,
2022-2023,UEFA Champions League,Group Stage,10/5/22,A,Paris Saint-Germain,SL Benfica,1:1,AM,22,0:1,Perna esquerda,Neymar
2022-2023,Ligue 1,12,10/2021-2022,A,Paris Saint-Germain,AC Ajaccio,0:3,CF,78,0:2,Perna esquerda,Kylian Mbappe
2022-2023,UEFA Champions League,Group Stage,10/25/22,H,Paris Saint-Germain,Maccabi Haifa,7:2,SS,19,1:0,Perna esquerda,Kylian Mbappe
2022-2023,UEFA Champions League,Group Stage,10/25/22,H,Paris Saint-Germain,Maccabi Haifa,7:2,SS,44,4:1,Perna esquerda,Kylian Mbappe
2022-2023,Ligue 1,13,10/29/22,H,Paris Saint-Germain,ESTAC Troyes,4:3,RW,55,2:2,Perna esquerda,Sergio Ramos
2022-2023,Amistoso,Amistoso,11/16/22,A,Argentina,EAU,0:05,CF,44,0:04,Perna direita,Angel di Maria
2022-2023,Copa do Mundo,Fase de grupos,11/22/22,A,Argentina,Arábia Saudita,2:01,CF,10,0:01,Penalty,
2022-2023,Copa do Mundo,Fase de grupos,11/26/22,A,Argentina,México,0:02,CF,64,0:01,Perna esquerda,Angel di Maria
2022-2023,Copa do Mundo,last 16,12/03/22,A,Argentina,Australia,1:02,CF,35,0:01,Perna esquerda,Nicolas Otamendi
2022-2023,Copa do Mundo,Quarter-Finals,12/09/22,A,Argentina,Holanda,2:02,CF,73,0:02,Penalty,
2022-2023,Copa do Mundo,Semi-Finals,12/13/22,A,Argentina,Croácia,0:03,CF,34,0:01,Penalty,
2022-2023,Copa do Mundo,Final,12/18/22,A,Argentina,França,3:03,CF,23,0:01,Penalty,
2022-2023,Copa do Mundo,Final,12/18/22,A,Argentina,França,3:03,CF,108,2:03,Perna esquerda,
2022-2023,Ligue 1,18,1/11/23,H,Paris Saint-Germain,Angers SCO,2:0,AM,72,2:0,Perna direita,Nordi Mukiele
2022-2023,Ligue 1,21,2/1/23,A,Paris Saint-Germain,Montpellier HSC,1:3,SS,72,0:2,Perna esquerda,Fabian Ruiz
2022-2023,Ligue 1,22,2/4/23,H,Paris Saint-Germain,FC Toulouse,2:1,SS,58,2:1,Perna esquerda,Achraf Hakimi
2022-2023,Ligue 1,24,2/19/23,H,Paris Saint-Germain,LOSC Lille,4:3,CF,90+5,4:3,Falta,
2022-2023,Ligue 1,25,2/26/23,A,Paris Saint-Germain,Olympique Marseille,0:3,CF,29,0:2,Perna direita,Kylian Mbappe
2022-2023,Ligue 1,26,3/4/23,H,Paris Saint-Germain,FC Nantes,4:2,CF,12,1:0,Perna esquerda,
2022-2023,Amistoso,Amistoso,3/23/23,H,Argentina,Panamá,2:00,CF,88,2:00,Falta,
2022-2023,Amistoso,Amistoso,3/28/23,H,Argentina,Curaçao,7:00,CF,20,1:00,Perna direita,Giovani Lo Celso
2022-2023,Amistoso,Amistoso,3/28/23,H,Argentina,Curaçao,7:00,CF,33,3:00,Perna esquerda,Nicolas Gonzalez
2022-2023,Amistoso,Amistoso,3/28/23,H,Argentina,Curaçao,7:00,CF,37,5:00,Perna esquerda,Giovani Lo Celso
2022-2023,Amistoso,Amistoso,6/15/23,A,Argentina,Australia,0:02,CF,2,0:01,Perna esquerda,Enzo Fernandez
2023,Leagues Cup,Fase de grupos,7/21/23,A,Inter Miami,Cruz Azul,1:02,RW,90+4,1:02,Falta,
2023,Leagues Cup,Fase de grupos,7/25/23,H,Inter Miami,Atlanta United,4:00,RW,8,1:00,Perna direita,
2023,Leagues Cup,Fase de grupos,7/25/23,H,Inter Miami,Atlanta United,4:00,RW,22,2:00,Perna direita,Robert Taylor
2023,Leagues Cup,R32,8/02/23,H,Inter Miami,Orlando City,3:01,RW,7,1:00,Perna esquerda,Robert Taylor
2023,Leagues Cup,R32,8/02/23,H,Inter Miami,Orlando City,3:01,RW,72,3:01,Perna esquerda,Josef Martinez
2023,Leagues Cup,R16,8/06/23,A,Inter Miami,FC Dallas,4:04,RW,6,0:01,Perna esquerda,Jordi Alba
2023,Leagues Cup,R16,8/06/23,A,Inter Miami,FC Dallas,4:04,RW,85,4:04,Falta,
2023,Leagues Cup,Quarter-finals,8/11/23,H,Inter Miami,Charlotte FC,4:00,RW,86,4:00,Perna esquerda,Leonardo Campana
2023,Leagues Cup,Semi-finals,8/15/23,A,Inter Miami,Philadelphia Union,1:04,RW,20,0:02,Perna esquerda,Josef Martinez
2023,Leagues Cup,Final,8/19/23,A,Inter Miami,Nashville SC,1:01,RW,23,0:01,Perna esquerda,
2023,MLS,28,8/26/23,A,Inter Miami,New York Red Bulls,0:02,CF,89,0:02,Perna esquerda,Benja Cremaschi
2023,Eliminatórias,1,9/07/23,H,Argentina,Equador,1:00,RW,78,1:00,Falta,
2023,Eliminatórias,3,10/17/23,H,Argentina,Peru,0:02,RW,32,0:01,Perna esquerda,Nico Gonzalez
2023,Eliminatórias,3,10/17/23,H,Argentina,Peru,0:02,RW,42,0:02,Perna esquerda,Enzo Fernandez
2024,MLS,1,2/25/24,A,Inter Miami,Los Angeles Galaxy,1:01,RW,90+2,1:01,Perna esquerda,Jordi Alba
2024,MLS,2,3/02/24,H,Inter Miami,Orlando City,5:00,RW,57,4:00,Chest,
2024,MLS,2,3/02/24,H,Inter Miami,Orlando City,5:00,RW,62,5:00,Cabeça,Luis Suarez
2024,Concachampions,R16,3/07/24,A,Inter Miami,Nashville SC,2:02,CF,52,1:02,Perna esquerda,Luis Suarez
2024,Concachampions,R16,3/13/24,H,Inter Miami,Nashville SC,3:01,CF,23,2:00,Perna esquerda,Diego Gomez
2024,MLS,7,4/06/24,H,Inter Miami,Colorado Rapids,2:02,CF,57,1:01,Perna esquerda,Franco Negri
2024,MLS,8,4/13/24,A,Inter Miami,Sporting Kansas City,2:03,RW,51,1:02,Perna esquerda,Diego Ruiz
2024,MLS,9,4/20/24,H,Inter Miami,Nashville SC,3:01,RW,11,1:01,Perna esquerda,Luis Suarez
2024,MLS,9,4/20/24,H,Inter Miami,Nashville SC,3:01,RW,81,3:01,Penalti
2024,MLS,10,4/27/24,A,Inter Miami,New England Revolution,1:04,RW,32,1:01,Perna esquerda,Luis Suarez
2024,MLS,10,4/27/24,A,Inter Miami,New England Revolution,1:04,RW,67,1:02,Perna esquerda,Sergio Busquets
2024,MLS,11,5/04/24,H,Inter Miami,New York Red Bulls,6:02,RW,50,2:01,Perna esquerda,Luis Suarez
2024,MLS,16,5/29/24,H,Inter Miami,Atlanta United,1:03,RW,62,1:02,Perna esquerda,Sergio Busquets
2024,MLS,17,6/01/24,H,Inter Miami,St Louis City,3:03,RW,25,1:01,Perna esquerda,Jordi Alba
2024,Amistoso,Amistoso,6/14/24,H,Argentina,Guatemala,4:01,CF,12,1:01,Perna esquerda,
2024,Amistoso,Amistoso,6/14/24,H,Argentina,Guatemala,4:01,CF,77,4:01,Perna esquerda,Angel Di Maria
2024,Copa América,Semi-finals,7/09/24,A,Argentina,Canadá,2:00,CF,51,2:00,Perna esquerda,Enzo Fernandez
2024,MLS,31,9/14/24,H,Inter Miami,Philadelphia Union,3:01,RW,26,1:01,Perna direita,Luis Suarez
2024,MLS,31,9/14/24,H,Inter Miami,Philadelphia Union,3:01,RW,30,2:01,Perna esquerda,Jordi Alba
2024,MLS,34,9/28/24,H,Inter Miami,Charlotte FC,1:01,RW,67,1:01,Perna esquerda,Marcelo Weigandt
2024,MLS,35,10/02/24,A,Inter Miami,Columbus Crew,2:03,RW,45,0:01,Perna esquerda
2024,MLS,35,10/02/24,A,Inter Miami,Columbus Crew,2:03,RW,45+5,0:02,Falta,
